#,Date,Entry_ET,Direction,Gap,ATR,Entry_Price,TP_Level,SL_Level,Exit_Price,PnL_Pts,PnL_USD,Exit_Reason
1,2025-03-28,09:53,LONG,-84.25,29.80,19860.75,19890.55,19816.04,19815.79,-44.96,-91.15,SL
2,2025-03-28,10:05,LONG,-84.25,25.71,19840.25,19865.96,19801.68,19801.43,-38.82,-78.88,SL
3,2025-03-28,10:11,LONG,-84.25,26.41,19750.25,19776.66,19710.63,19710.38,-39.87,-80.97,SL
4,2025-03-28,10:17,LONG,-84.25,25.36,19704.25,19729.61,19666.21,19665.96,-38.29,-77.81,SL
5,2025-03-28,10:31,LONG,-84.25,19.38,19653.00,19672.38,19623.94,19623.69,-29.31,-59.87,SL
6,2025-03-28,10:37,LONG,-84.25,21.27,19594.50,19615.77,19562.60,19615.52,21.02,40.80,TP
7,2025-03-28,10:43,LONG,-84.25,21.70,19643.75,19665.45,19611.21,19610.96,-32.79,-66.83,SL
8,2025-03-28,10:52,LONG,-84.25,19.39,19622.75,19642.14,19593.66,19593.41,-29.34,-59.92,SL
9,2025-03-28,11:01,LONG,-84.25,18.39,19592.75,19611.14,19565.16,19564.91,-27.84,-56.92,SL
10,2025-03-28,11:06,LONG,-84.25,19.14,19574.00,19593.14,19545.29,19592.89,18.89,36.55,TP
11,2025-03-28,11:16,LONG,-84.25,19.09,19593.75,19612.84,19565.12,19612.59,18.84,36.44,TP
12,2025-03-28,11:23,LONG,-84.25,19.04,19580.75,19599.79,19552.20,19599.54,18.79,36.33,TP
13,2025-03-31,09:46,LONG,-294.75,38.62,18984.25,19022.88,18926.31,19022.62,38.38,75.51,TP
14,2025-04-01,10:00,LONG,-69.75,29.82,19400.50,19430.32,19355.77,19355.52,-44.98,-91.20,SL
15,2025-04-01,10:07,LONG,-69.75,36.32,19358.75,19395.07,19304.27,19304.02,-54.73,-110.70,SL
16,2025-04-01,10:16,LONG,-69.75,31.86,19289.25,19321.11,19241.46,19320.86,31.61,61.97,TP
17,2025-04-01,10:28,LONG,-69.75,26.25,19321.75,19348.00,19282.38,19347.75,26.00,50.76,TP
18,2025-04-03,09:46,LONG,-822.75,42.48,18962.25,19004.73,18898.53,19004.48,42.23,83.22,TP
19,2025-04-03,09:58,LONG,-822.75,39.30,18971.50,19010.80,18912.54,19010.55,39.05,76.87,TP
20,2025-04-03,10:04,LONG,-822.75,41.70,18926.25,18967.95,18863.71,18863.46,-62.79,-126.83,SL
21,2025-04-03,10:29,LONG,-822.75,31.46,18910.00,18941.46,18862.80,18941.21,31.21,61.19,TP
22,2025-04-03,10:35,LONG,-822.75,32.36,18893.00,18925.36,18844.46,18844.21,-48.79,-98.81,SL
23,2025-04-03,10:47,LONG,-822.75,28.59,18820.50,18849.09,18777.62,18777.37,-43.13,-87.51,SL
24,2025-04-03,10:55,LONG,-822.75,26.68,18784.75,18811.43,18744.73,18744.48,-40.27,-81.78,SL
25,2025-04-03,11:11,LONG,-822.75,22.75,18758.75,18781.50,18724.62,18781.25,22.50,43.76,TP
26,2025-04-03,11:16,LONG,-822.75,27.05,18819.00,18846.05,18778.42,18845.80,26.80,52.37,TP
27,2025-04-03,11:23,LONG,-822.75,26.57,18814.25,18840.82,18774.39,18840.57,26.32,51.40,TP
28,2025-04-04,10:09,LONG,-533.25,50.39,18072.50,18122.89,17996.91,17996.66,-75.84,-152.92,SL
29,2025-04-04,10:17,LONG,-533.25,38.11,17980.75,18018.86,17923.59,18018.61,37.86,74.47,TP
30,2025-04-04,10:24,LONG,-533.25,39.89,17990.50,18030.39,17930.66,17930.41,-60.09,-121.42,SL
31,2025-04-04,10:34,LONG,-533.25,40.18,17896.00,17936.18,17835.73,17835.48,-60.52,-122.28,SL
32,2025-04-04,10:49,LONG,-533.25,36.77,17772.25,17809.02,17717.10,17716.85,-55.40,-112.04,SL
33,2025-04-04,10:54,LONG,-533.25,51.04,17842.50,17893.54,17765.95,17893.29,50.79,100.33,TP
34,2025-04-07,09:46,LONG,-607.75,76.27,16738.75,16815.02,16624.35,16814.77,76.02,150.80,TP
35,2025-04-08,09:46,SHORT,588.75,53.07,18177.00,18123.93,18256.61,18124.18,52.82,104.40,TP
36,2025-04-08,09:53,SHORT,588.75,51.50,18198.25,18146.75,18275.50,18275.75,-77.50,-156.24,SL
37,2025-04-08,10:05,SHORT,588.75,41.75,18282.00,18240.25,18344.62,18344.88,-62.88,-126.99,SL
38,2025-04-08,10:22,SHORT,588.75,38.64,18337.25,18298.61,18395.21,18298.86,38.39,75.55,TP
39,2025-04-08,10:29,SHORT,588.75,38.00,18333.25,18295.25,18390.25,18295.50,37.75,74.26,TP
40,2025-04-08,10:35,SHORT,588.75,40.84,18309.75,18268.91,18371.01,18269.16,40.59,79.94,TP
41,2025-04-09,10:51,LONG,-31.50,43.36,17342.25,17385.61,17277.21,17276.96,-65.29,-131.81,SL
42,2025-04-09,10:57,LONG,-31.50,44.93,17254.00,17298.93,17186.61,17298.68,44.68,88.12,TP
43,2025-04-10,09:55,LONG,-481.00,60.12,18746.50,18806.62,18656.31,18656.06,-90.44,-182.12,SL
44,2025-04-10,10:05,LONG,-481.00,56.05,18645.00,18701.05,18560.92,18700.80,55.80,110.37,TP
45,2025-04-10,10:11,LONG,-481.00,54.39,18615.25,18669.64,18533.66,18669.39,54.14,107.05,TP
46,2025-04-10,10:30,LONG,-481.00,45.84,18644.25,18690.09,18575.49,18689.84,45.59,89.94,TP
47,2025-04-10,10:53,LONG,-481.00,40.71,18637.50,18678.21,18576.43,18677.96,40.46,79.69,TP
48,2025-04-10,11:00,LONG,-481.00,34.54,18585.25,18619.79,18533.45,18619.54,34.29,67.33,TP
49,2025-04-10,11:14,LONG,-481.00,30.21,18623.50,18653.71,18578.18,18577.93,-45.57,-92.38,SL
50,2025-04-10,11:19,LONG,-481.00,31.21,18551.50,18582.71,18504.68,18504.43,-47.07,-95.38,SL
51,2025-04-10,11:28,LONG,-481.00,30.32,18494.00,18524.32,18448.52,18448.27,-45.73,-92.70,SL
52,2025-04-11,10:20,LONG,-68.25,62.29,18415.50,18477.79,18322.07,18321.82,-93.68,-188.60,SL
53,2025-04-11,10:28,LONG,-68.25,55.34,18340.75,18396.09,18257.74,18395.84,55.09,108.94,TP
54,2025-04-11,11:04,LONG,-68.25,56.55,18384.25,18440.80,18299.42,18440.55,56.30,111.37,TP
55,2025-04-11,11:14,LONG,-68.25,53.25,18369.75,18423.00,18289.88,18422.75,53.00,104.76,TP
56,2025-04-14,10:06,SHORT,424.00,41.39,19169.50,19128.11,19231.59,19128.36,41.14,81.05,TP
57,2025-04-14,10:34,SHORT,424.00,30.12,19156.00,19125.88,19201.19,19126.12,29.88,58.51,TP
58,2025-04-14,10:40,SHORT,424.00,23.77,19159.25,19135.48,19194.90,19135.73,23.52,45.80,TP
59,2025-04-14,10:48,SHORT,424.00,25.46,19159.75,19134.29,19197.95,19134.54,25.21,49.19,TP
60,2025-04-15,09:47,SHORT,46.00,34.54,19067.50,19032.96,19119.30,19119.55,-52.05,-105.35,SL
61,2025-04-16,09:46,LONG,-375.00,29.46,18607.00,18636.46,18562.80,18562.55,-44.45,-90.13,SL
62,2025-04-16,09:56,LONG,-375.00,29.61,18545.50,18575.11,18501.09,18574.86,29.36,57.47,TP
63,2025-04-16,10:03,LONG,-375.00,27.86,18530.00,18557.86,18488.21,18557.61,27.61,53.97,TP
64,2025-04-16,10:15,LONG,-375.00,22.29,18552.25,18574.54,18518.82,18574.29,22.04,42.83,TP
65,2025-04-17,09:51,SHORT,111.00,33.68,18475.25,18441.57,18525.77,18441.82,33.43,65.62,TP
66,2025-04-17,10:02,SHORT,111.00,32.21,18474.00,18441.79,18522.32,18442.04,31.96,62.69,TP
67,2025-04-21,09:46,LONG,-244.25,29.71,18079.50,18109.21,18034.93,18108.96,29.46,57.69,TP
68,2025-04-21,09:53,LONG,-244.25,26.50,18061.75,18088.25,18022.00,18021.75,-40.00,-81.24,SL
69,2025-04-21,10:03,LONG,-244.25,22.45,17977.50,17999.95,17943.83,17943.58,-33.92,-69.08,SL
70,2025-04-21,10:11,LONG,-244.25,21.14,17959.75,17980.89,17928.04,17927.79,-31.96,-65.17,SL
71,2025-04-21,10:21,LONG,-244.25,22.82,17918.50,17941.32,17884.27,17941.07,22.57,43.90,TP
72,2025-04-21,10:31,LONG,-244.25,22.12,17934.75,17956.88,17901.56,17956.62,21.88,42.51,TP
73,2025-04-21,10:47,LONG,-244.25,19.45,17927.50,17946.95,17898.33,17946.70,19.20,37.15,TP
74,2025-04-21,11:05,LONG,-244.25,15.32,17918.25,17933.57,17895.27,17933.32,15.07,28.90,TP
75,2025-04-21,11:14,LONG,-244.25,18.89,17913.50,17932.39,17885.16,17884.91,-28.59,-58.42,SL
76,2025-04-21,11:21,LONG,-244.25,20.07,17900.00,17920.07,17869.89,17869.64,-30.36,-61.95,SL
77,2025-04-22,09:46,SHORT,230.00,26.46,18243.00,18216.54,18282.70,18216.79,26.21,51.19,TP
78,2025-04-22,09:58,SHORT,230.00,20.00,18222.00,18202.00,18252.00,18252.25,-30.25,-61.74,SL
79,2025-04-22,10:04,SHORT,230.00,18.95,18255.75,18236.80,18284.17,18284.42,-28.67,-58.58,SL
80,2025-04-22,10:12,SHORT,230.00,18.23,18297.75,18279.52,18325.10,18279.77,17.98,34.72,TP
81,2025-04-22,10:21,SHORT,230.00,15.46,18272.50,18257.04,18295.70,18295.95,-23.45,-48.13,SL
82,2025-04-22,10:27,SHORT,230.00,16.25,18274.75,18258.50,18299.12,18258.75,16.00,30.76,TP
83,2025-04-22,10:33,SHORT,230.00,18.29,18275.75,18257.46,18303.18,18303.43,-27.68,-56.60,SL
84,2025-04-22,10:43,SHORT,230.00,18.38,18306.25,18287.88,18333.81,18334.06,-27.81,-56.87,SL
85,2025-04-22,10:51,SHORT,230.00,14.41,18311.50,18297.09,18333.12,18297.34,14.16,27.08,TP
86,2025-04-22,10:56,SHORT,230.00,13.91,18324.50,18310.59,18345.37,18345.62,-21.12,-43.47,SL
87,2025-04-22,11:02,SHORT,230.00,14.41,18351.00,18336.59,18372.62,18372.87,-21.87,-44.97,SL
88,2025-04-22,11:11,SHORT,230.00,12.95,18370.25,18357.30,18389.67,18357.55,12.70,24.15,TP
89,2025-04-23,09:46,SHORT,569.25,62.62,19058.00,18995.38,19151.94,18995.62,62.38,123.51,TP
90,2025-04-23,10:00,SHORT,569.25,39.18,19066.75,19027.57,19125.52,19125.77,-59.02,-119.28,SL
91,2025-04-23,10:09,SHORT,569.25,48.55,19069.50,19020.95,19142.33,19021.20,48.30,95.37,TP
92,2025-04-23,10:26,SHORT,569.25,34.09,19076.00,19041.91,19127.13,19127.38,-51.38,-104.01,SL
93,2025-04-23,10:36,SHORT,569.25,26.27,19154.50,19128.23,19193.90,19128.48,26.02,50.80,TP
94,2025-04-23,10:44,SHORT,569.25,23.46,19120.75,19097.29,19155.95,19097.54,23.21,45.19,TP
95,2025-04-24,09:46,SHORT,87.50,25.77,18964.75,18938.98,19003.40,19003.65,-38.90,-79.04,SL
96,2025-04-24,09:58,SHORT,87.50,19.32,19031.75,19012.43,19060.73,19060.98,-29.23,-59.70,SL
97,2025-04-24,10:04,SHORT,87.50,18.46,19063.25,19044.79,19090.95,19091.20,-27.95,-57.13,SL
98,2025-04-24,10:11,SHORT,87.50,19.62,19060.75,19041.12,19090.19,19090.44,-29.69,-60.62,SL
99,2025-04-24,10:24,SHORT,87.50,21.38,19117.25,19095.88,19149.31,19149.56,-32.31,-65.86,SL
100,2025-04-24,10:37,SHORT,87.50,16.34,19158.50,19142.16,19183.01,19142.41,16.09,30.94,TP
101,2025-04-24,10:52,SHORT,87.50,20.77,19132.50,19111.73,19163.65,19111.98,20.52,39.80,TP
102,2025-04-24,10:57,SHORT,87.50,22.21,19142.25,19120.04,19175.57,19175.82,-33.57,-68.38,SL
103,2025-04-24,11:15,SHORT,87.50,16.64,19193.75,19177.11,19218.71,19177.36,16.39,31.55,TP
104,2025-04-24,11:27,SHORT,87.50,14.70,19168.25,19153.55,19190.29,19153.80,14.45,27.65,TP
105,2025-04-25,09:47,LONG,-17.00,26.96,19288.25,19315.21,19247.80,19247.55,-40.70,-82.63,SL
106,2025-04-25,09:57,LONG,-17.00,29.52,19269.25,19298.77,19224.97,19298.52,29.27,57.30,TP
107,2025-04-25,10:23,LONG,-17.00,30.68,19271.50,19302.18,19225.48,19301.93,30.43,59.62,TP
108,2025-04-25,10:29,LONG,-17.00,32.98,19255.75,19288.73,19206.28,19288.48,32.73,64.22,TP
109,2025-04-28,09:46,SHORT,18.25,28.96,19601.25,19572.29,19644.70,19572.54,28.71,56.19,TP
110,2025-04-30,09:46,LONG,-343.75,32.91,19175.50,19208.41,19126.13,19208.16,32.66,64.08,TP
111,2025-04-30,09:54,LONG,-343.75,29.89,19159.75,19189.64,19114.91,19114.66,-45.09,-91.42,SL
112,2025-05-01,09:47,SHORT,329.00,27.70,19963.50,19935.80,20005.04,19936.05,27.45,53.65,TP
113,2025-05-01,10:22,SHORT,329.00,22.88,19959.00,19936.12,19993.31,19993.56,-34.56,-70.36,SL
114,2025-05-01,10:32,SHORT,329.00,15.96,19984.25,19968.29,20008.20,20008.45,-24.20,-49.63,SL
115,2025-05-01,10:40,SHORT,329.00,16.18,20028.00,20011.82,20052.27,20052.52,-24.52,-50.28,SL
116,2025-05-01,10:55,SHORT,329.00,14.64,20045.50,20030.86,20067.46,20067.71,-22.21,-45.67,SL
117,2025-05-01,11:03,SHORT,329.00,12.11,20059.00,20046.89,20077.16,20077.41,-18.41,-38.06,SL
118,2025-05-01,11:10,SHORT,329.00,11.98,20080.50,20068.52,20098.47,20098.72,-18.22,-37.69,SL
119,2025-05-01,11:20,SHORT,329.00,13.39,20112.25,20098.86,20132.34,20099.11,13.14,25.05,TP
120,2025-05-01,11:25,SHORT,329.00,14.80,20080.75,20065.95,20102.96,20066.20,14.55,27.87,TP
121,2025-05-02,09:46,SHORT,213.75,26.48,20108.00,20081.52,20147.72,20081.77,26.23,51.22,TP
122,2025-05-02,10:03,SHORT,213.75,28.18,20104.25,20076.07,20146.52,20146.77,-42.52,-86.28,SL
123,2025-05-02,10:15,SHORT,213.75,23.20,20150.75,20127.55,20185.54,20127.80,22.95,44.65,TP
124,2025-05-02,10:25,SHORT,213.75,19.57,20143.00,20123.43,20172.36,20172.61,-29.61,-60.45,SL
125,2025-05-02,10:33,SHORT,213.75,19.61,20158.25,20138.64,20187.66,20138.89,19.36,37.47,TP
126,2025-05-02,10:40,SHORT,213.75,18.09,20166.00,20147.91,20193.13,20148.16,17.84,34.44,TP
127,2025-05-02,10:47,SHORT,213.75,19.38,20158.50,20139.12,20187.56,20139.38,19.12,37.01,TP
128,2025-05-02,10:56,SHORT,213.75,16.82,20154.00,20137.18,20179.23,20179.48,-25.48,-52.20,SL
129,2025-05-02,11:20,SHORT,213.75,11.21,20177.25,20166.04,20194.07,20166.29,10.96,20.69,TP
130,2025-05-05,10:35,LONG,-175.25,19.66,20018.25,20037.91,19988.76,20037.66,19.41,37.58,TP
131,2025-05-06,09:48,LONG,-269.75,21.68,19811.25,19832.93,19778.73,19778.48,-32.77,-66.78,SL
132,2025-05-06,09:56,LONG,-269.75,20.54,19759.25,19779.79,19728.45,19779.54,20.29,39.33,TP
133,2025-05-06,10:01,LONG,-269.75,18.98,19750.25,19769.23,19721.78,19768.98,18.73,36.22,TP
134,2025-05-07,09:46,SHORT,24.00,21.41,19914.75,19893.34,19946.87,19893.59,21.16,41.08,TP
135,2025-05-07,09:56,SHORT,24.00,24.88,19921.50,19896.62,19958.81,19959.06,-37.56,-76.36,SL
136,2025-05-07,10:28,SHORT,24.00,15.64,19968.00,19952.36,19991.46,19952.61,15.39,29.55,TP
137,2025-05-07,10:45,SHORT,24.00,11.27,19957.50,19946.23,19974.40,19946.48,11.02,20.80,TP
138,2025-05-08,11:21,SHORT,212.50,15.68,20125.75,20110.07,20149.27,20110.32,15.43,29.62,TP
139,2025-05-08,11:26,SHORT,212.50,18.75,20164.75,20146.00,20192.88,20193.12,-28.38,-57.99,SL
140,2025-05-09,10:03,SHORT,74.25,16.93,20263.25,20246.32,20288.64,20246.57,16.68,32.12,TP
141,2025-05-09,10:09,SHORT,74.25,16.96,20266.75,20249.79,20292.20,20250.04,16.71,32.19,TP
142,2025-05-12,10:14,SHORT,782.25,21.46,20835.50,20814.04,20867.70,20814.29,21.21,41.19,TP
143,2025-05-13,09:51,SHORT,54.50,17.54,21086.50,21068.96,21112.80,21113.05,-26.55,-54.35,SL
144,2025-05-13,09:59,SHORT,54.50,17.07,21120.25,21103.18,21145.86,21146.11,-25.86,-52.95,SL
145,2025-05-13,10:08,SHORT,54.50,13.77,21165.50,21151.73,21186.15,21151.98,13.52,25.80,TP
146,2025-05-13,10:15,SHORT,54.50,15.38,21202.75,21187.38,21225.81,21226.06,-23.31,-47.87,SL
147,2025-05-13,10:22,SHORT,54.50,17.38,21207.75,21190.38,21233.81,21234.06,-26.31,-53.87,SL
148,2025-05-13,10:31,SHORT,54.50,16.18,21208.25,21192.07,21232.52,21192.32,15.93,30.62,TP
149,2025-05-13,10:51,SHORT,54.50,14.98,21228.25,21213.27,21250.72,21250.97,-22.72,-46.69,SL
150,2025-05-13,10:58,SHORT,54.50,16.82,21244.75,21227.93,21269.98,21270.23,-25.48,-52.20,SL
151,2025-05-13,11:24,SHORT,54.50,10.30,21260.50,21250.20,21275.96,21276.21,-15.71,-32.65,SL
152,2025-05-13,11:30,SHORT,54.50,10.64,21278.25,21267.61,21294.21,21294.46,-16.21,-33.67,SL
153,2025-05-14,10:54,SHORT,44.25,15.16,21367.00,21351.84,21389.74,21352.09,14.91,28.58,TP
154,2025-05-14,11:24,SHORT,44.25,12.46,21362.25,21349.79,21380.95,21381.20,-18.95,-39.13,SL
155,2025-05-15,09:47,LONG,-94.00,22.52,21268.00,21290.52,21234.22,21290.27,22.27,43.30,TP
156,2025-05-15,10:32,LONG,-94.00,15.52,21282.50,21298.02,21259.22,21258.97,-23.53,-48.29,SL
157,2025-05-15,10:40,LONG,-94.00,14.50,21272.25,21286.75,21250.50,21286.50,14.25,27.26,TP
158,2025-05-16,09:50,SHORT,48.25,20.59,21438.00,21417.41,21468.88,21417.66,20.34,39.44,TP
159,2025-05-16,10:00,SHORT,48.25,16.86,21436.25,21419.39,21461.54,21419.64,16.61,31.97,TP
160,2025-05-16,10:08,SHORT,48.25,21.23,21437.50,21416.27,21469.35,21416.52,20.98,40.72,TP
161,2025-05-16,10:18,SHORT,48.25,18.93,21437.75,21418.82,21466.14,21419.07,18.68,36.12,TP
162,2025-05-20,09:47,LONG,-110.75,20.00,21399.50,21419.50,21369.50,21369.25,-30.25,-61.74,SL
163,2025-05-20,09:52,LONG,-110.75,23.04,21378.50,21401.54,21343.95,21401.29,22.79,44.33,TP
164,2025-05-20,09:59,LONG,-110.75,22.07,21386.25,21408.32,21353.14,21408.07,21.82,42.40,TP
165,2025-05-20,10:10,LONG,-110.75,20.30,21369.25,21389.55,21338.79,21389.30,20.05,38.87,TP
166,2025-05-22,09:51,SHORT,22.25,33.27,21199.50,21166.23,21249.40,21249.65,-50.15,-101.54,SL
167,2025-05-22,09:58,SHORT,22.25,31.54,21284.25,21252.71,21331.55,21252.96,31.29,61.33,TP
168,2025-05-23,09:47,LONG,-334.25,34.04,20864.50,20898.54,20813.45,20898.29,33.79,66.33,TP
169,2025-05-30,09:47,LONG,-29.00,23.91,21304.00,21327.91,21268.13,21327.66,23.66,46.08,TP
170,2025-05-30,09:53,LONG,-29.00,24.79,21247.75,21272.54,21210.57,21272.29,24.54,47.83,TP
171,2025-05-30,10:00,LONG,-29.00,21.95,21259.00,21280.95,21226.08,21280.70,21.70,42.15,TP
172,2025-06-02,09:52,LONG,-81.50,22.98,21340.00,21362.98,21305.53,21305.28,-34.72,-70.69,SL
173,2025-06-02,10:00,LONG,-81.50,25.43,21308.25,21333.68,21270.11,21269.86,-38.39,-78.03,SL
174,2025-06-02,10:05,LONG,-81.50,30.70,21281.50,21312.20,21235.46,21311.95,30.45,59.65,TP
175,2025-06-02,10:12,LONG,-81.50,30.75,21288.75,21319.50,21242.62,21319.25,30.50,59.76,TP
176,2025-06-03,09:48,SHORT,13.00,20.18,21591.00,21570.82,21621.27,21571.07,19.93,38.62,TP
177,2025-06-03,09:55,SHORT,13.00,19.96,21591.00,21571.04,21620.95,21621.20,-30.20,-61.63,SL
178,2025-06-03,10:07,SHORT,13.00,16.46,21617.50,21601.04,21642.20,21601.29,16.21,31.19,TP
179,2025-06-03,10:13,SHORT,13.00,20.18,21606.50,21586.32,21636.77,21586.57,19.93,38.62,TP
180,2025-06-03,10:40,SHORT,13.00,11.86,21613.00,21601.14,21630.79,21631.04,-18.04,-37.31,SL
181,2025-06-03,10:52,SHORT,13.00,10.23,21643.50,21633.27,21658.85,21659.10,-15.60,-32.44,SL
182,2025-06-03,11:04,SHORT,13.00,8.89,21673.25,21664.36,21686.59,21664.61,8.64,16.05,TP
183,2025-06-03,11:09,SHORT,13.00,9.54,21655.50,21645.96,21669.80,21670.05,-14.55,-30.35,SL
184,2025-06-03,11:23,SHORT,13.00,7.96,21675.00,21667.04,21686.95,21667.29,7.71,14.19,TP
185,2025-06-04,09:49,SHORT,22.00,16.39,21782.50,21766.11,21807.09,21766.36,16.14,31.05,TP
186,2025-06-04,11:00,SHORT,22.00,13.34,21760.75,21747.41,21780.76,21781.01,-20.26,-41.76,SL
187,2025-06-04,11:12,SHORT,22.00,8.68,21780.75,21772.07,21793.77,21772.32,8.43,15.62,TP
188,2025-06-04,11:18,SHORT,22.00,8.46,21770.50,21762.04,21783.20,21762.29,8.21,15.19,TP
189,2025-06-04,11:26,SHORT,22.00,9.79,21768.25,21758.46,21782.93,21758.71,9.54,17.83,TP
190,2025-06-05,10:26,SHORT,54.75,15.29,21787.00,21771.71,21809.93,21771.96,15.04,28.83,TP
191,2025-06-05,10:39,SHORT,54.75,25.86,21794.25,21768.39,21833.04,21768.64,25.61,49.97,TP
192,2025-06-05,10:45,SHORT,54.75,35.52,21830.50,21794.98,21883.78,21884.03,-53.53,-108.29,SL
193,2025-06-05,11:21,SHORT,54.75,11.52,21909.00,21897.48,21926.28,21926.53,-17.53,-36.29,SL
194,2025-06-06,09:46,SHORT,210.00,21.30,21846.00,21824.70,21877.96,21824.95,21.05,40.87,TP
195,2025-06-06,11:06,SHORT,210.00,11.66,21842.00,21830.34,21859.49,21830.59,11.41,21.58,TP
196,2025-06-06,11:11,SHORT,210.00,14.80,21845.00,21830.20,21867.21,21830.45,14.55,27.87,TP
197,2025-06-09,09:50,SHORT,8.50,17.80,21803.50,21785.70,21830.21,21785.95,17.55,33.87,TP
198,2025-06-09,10:06,SHORT,8.50,14.48,21806.25,21791.77,21827.97,21828.22,-21.97,-45.19,SL
199,2025-06-09,10:15,SHORT,8.50,11.66,21849.00,21837.34,21866.49,21866.74,-17.74,-36.72,SL
200,2025-06-09,10:32,SHORT,8.50,10.50,21864.75,21854.25,21880.50,21880.75,-16.00,-33.24,SL
201,2025-06-09,10:37,SHORT,8.50,12.20,21877.75,21865.55,21896.04,21865.80,11.95,22.65,TP
202,2025-06-09,10:44,SHORT,8.50,13.09,21864.25,21851.16,21883.88,21851.41,12.84,24.44,TP
203,2025-06-09,10:49,SHORT,8.50,11.41,21858.25,21846.84,21875.37,21847.09,11.16,21.08,TP
204,2025-06-09,11:06,SHORT,8.50,9.02,21859.00,21849.98,21872.53,21850.23,8.77,16.30,TP
205,2025-06-10,09:50,SHORT,18.00,17.75,21872.25,21854.50,21898.88,21854.75,17.50,33.76,TP
206,2025-06-10,10:12,SHORT,18.00,12.77,21873.75,21860.98,21892.90,21861.23,12.52,23.80,TP
207,2025-06-10,10:33,SHORT,18.00,10.04,21875.75,21865.71,21890.80,21865.96,9.79,18.33,TP
208,2025-06-10,10:44,SHORT,18.00,8.46,21875.50,21867.04,21888.20,21888.45,-12.95,-27.13,SL
209,2025-06-10,11:19,SHORT,18.00,8.50,21877.50,21869.00,21890.25,21869.25,8.25,15.26,TP
210,2025-06-11,09:54,SHORT,52.25,19.84,21996.25,21976.41,22026.01,21976.66,19.59,37.94,TP
211,2025-06-11,10:10,SHORT,52.25,14.86,21999.75,21984.89,22022.04,22022.29,-22.54,-46.31,SL
212,2025-06-11,10:24,SHORT,52.25,10.82,22025.50,22014.68,22041.73,22041.98,-16.48,-34.20,SL
213,2025-06-11,10:32,SHORT,52.25,8.84,22029.50,22020.66,22042.76,22043.01,-13.51,-28.26,SL
214,2025-06-11,10:39,SHORT,52.25,10.07,22044.50,22034.43,22059.61,22034.68,9.82,18.40,TP
215,2025-06-11,10:47,SHORT,52.25,10.41,22047.50,22037.09,22063.12,22037.34,10.16,19.08,TP
216,2025-06-11,10:54,SHORT,52.25,9.38,22052.75,22043.38,22066.81,22043.62,9.12,17.01,TP
217,2025-06-11,11:17,SHORT,52.25,16.36,22037.25,22020.89,22061.79,22021.14,16.11,30.97,TP
218,2025-06-12,10:04,LONG,-58.50,15.98,21845.75,21861.73,21821.78,21861.48,15.73,30.22,TP
219,2025-06-13,09:55,LONG,-256.75,21.32,21734.00,21755.32,21702.02,21755.07,21.07,40.90,TP
220,2025-06-13,10:05,LONG,-256.75,23.45,21731.50,21754.95,21696.33,21696.08,-35.42,-72.08,SL
221,2025-06-13,10:15,LONG,-256.75,20.02,21697.75,21717.77,21667.72,21667.47,-30.28,-61.79,SL
222,2025-06-13,10:25,LONG,-256.75,19.34,21664.75,21684.09,21635.74,21635.49,-29.26,-59.76,SL
223,2025-06-13,10:33,LONG,-256.75,22.05,21657.50,21679.55,21624.42,21679.30,21.80,42.37,TP
224,2025-06-16,09:46,SHORT,362.50,19.62,22101.25,22081.62,22130.69,22081.88,19.38,37.51,TP
225,2025-06-16,09:52,SHORT,362.50,20.64,22099.75,22079.11,22130.71,22130.96,-31.21,-63.67,SL
226,2025-06-16,09:58,SHORT,362.50,22.79,22157.00,22134.21,22191.18,22191.43,-34.43,-70.10,SL
227,2025-06-16,10:23,SHORT,362.50,12.34,22178.75,22166.41,22197.26,22197.51,-18.76,-38.76,SL
228,2025-06-16,10:33,SHORT,362.50,9.54,22204.00,22194.46,22218.30,22194.71,9.29,17.33,TP
229,2025-06-16,10:41,SHORT,362.50,10.38,22183.50,22173.12,22199.06,22199.31,-15.81,-32.87,SL
230,2025-06-16,10:49,SHORT,362.50,12.20,22190.75,22178.55,22209.04,22178.80,11.95,22.65,TP
231,2025-06-16,11:02,SHORT,362.50,9.55,22194.00,22184.45,22208.33,22184.70,9.30,17.37,TP
232,2025-06-16,11:08,SHORT,362.50,12.41,22192.25,22179.84,22210.87,22211.12,-18.87,-38.97,SL
233,2025-06-16,11:20,SHORT,362.50,9.77,22213.00,22203.23,22227.65,22203.48,9.52,17.80,TP
234,2025-06-17,09:46,LONG,-112.25,17.39,22042.50,22059.89,22016.41,22059.64,17.14,33.05,TP
235,2025-06-18,09:46,SHORT,35.75,15.59,21977.00,21961.41,22000.38,22000.63,-23.63,-48.51,SL
236,2025-06-18,09:54,SHORT,35.75,12.02,22020.00,22007.98,22038.03,22008.23,11.77,22.30,TP
237,2025-06-18,09:59,SHORT,35.75,12.41,22008.25,21995.84,22026.87,21996.09,12.16,23.08,TP
238,2025-06-18,10:05,SHORT,35.75,15.39,22023.25,22007.86,22046.34,22008.11,15.14,29.05,TP
239,2025-06-18,10:11,SHORT,35.75,15.50,22023.75,22008.25,22047.00,22047.25,-23.50,-48.24,SL
240,2025-06-18,10:18,SHORT,35.75,12.59,22052.00,22039.41,22070.88,22071.13,-19.13,-39.51,SL
241,2025-06-18,10:25,SHORT,35.75,11.52,22066.25,22054.73,22083.53,22083.78,-17.53,-36.29,SL
242,2025-06-18,10:39,SHORT,35.75,10.95,22091.25,22080.30,22107.67,22080.55,10.70,20.15,TP
243,2025-06-18,10:45,SHORT,35.75,12.71,22085.75,22073.04,22104.82,22073.29,12.46,23.69,TP
244,2025-06-18,10:57,SHORT,35.75,9.61,22070.25,22060.64,22084.66,22084.91,-14.66,-30.56,SL
245,2025-06-18,11:05,SHORT,35.75,8.05,22081.75,22073.70,22093.83,22073.95,7.80,14.37,TP
246,2025-06-19,09:46,LONG,-164.50,11.14,21718.75,21729.89,21702.04,21701.79,-16.96,-35.17,SL
247,2025-06-19,09:52,LONG,-164.50,17.50,21669.00,21686.50,21642.75,21686.25,17.25,33.26,TP
248,2025-06-23,09:46,SHORT,26.50,29.21,21869.75,21840.54,21913.57,21913.82,-44.07,-89.38,SL
249,2025-06-23,09:54,SHORT,26.50,20.39,21919.25,21898.86,21949.84,21950.09,-30.84,-62.92,SL
250,2025-06-23,10:05,SHORT,26.50,15.70,21956.50,21940.80,21980.04,21980.29,-23.79,-48.83,SL
251,2025-06-23,10:11,SHORT,26.50,17.32,21970.50,21953.18,21996.48,21996.73,-26.23,-53.70,SL
252,2025-06-23,10:23,SHORT,26.50,16.68,21991.25,21974.57,22016.27,21974.82,16.43,31.62,TP
253,2025-06-23,10:33,SHORT,26.50,14.80,21986.00,21971.20,22008.21,22008.46,-22.46,-46.15,SL
254,2025-06-23,10:51,SHORT,26.50,12.61,21993.75,21981.14,22012.66,21981.39,12.36,23.47,TP
255,2025-06-23,11:09,SHORT,26.50,12.77,21998.50,21985.73,22017.65,21985.98,12.52,23.80,TP
256,2025-06-24,09:46,SHORT,213.00,17.64,22322.25,22304.61,22348.71,22304.86,17.39,33.55,TP
257,2025-06-24,10:18,SHORT,213.00,14.68,22316.50,22301.82,22338.52,22302.07,14.43,27.62,TP
258,2025-06-24,10:33,SHORT,213.00,10.70,22320.00,22309.30,22336.04,22309.55,10.45,19.65,TP
259,2025-06-24,10:44,SHORT,213.00,8.48,22336.75,22328.27,22349.47,22328.52,8.23,15.22,TP
260,2025-06-24,10:54,SHORT,213.00,9.62,22332.00,22322.38,22346.44,22322.62,9.38,17.51,TP
261,2025-06-24,11:03,SHORT,213.00,12.30,22345.00,22332.70,22363.46,22332.95,12.05,22.87,TP
262,2025-06-24,11:12,SHORT,213.00,13.95,22350.75,22336.80,22371.67,22371.92,-21.17,-43.58,SL
263,2025-06-24,11:28,SHORT,213.00,7.21,22369.25,22362.04,22380.07,22380.32,-11.07,-23.38,SL
264,2025-06-25,09:46,SHORT,94.00,14.30,22540.25,22525.95,22561.71,22526.20,14.05,26.87,TP
265,2025-06-26,09:59,SHORT,89.75,17.54,22538.00,22520.46,22564.30,22564.55,-26.55,-54.35,SL
266,2025-06-26,10:05,SHORT,89.75,14.89,22563.75,22548.86,22586.09,22549.11,14.64,28.05,TP
267,2025-06-26,10:11,SHORT,89.75,13.66,22551.75,22538.09,22572.24,22572.49,-20.74,-42.72,SL
268,2025-06-26,10:27,SHORT,89.75,10.02,22569.50,22559.48,22584.53,22584.78,-15.28,-31.79,SL
269,2025-06-26,10:36,SHORT,89.75,10.29,22579.75,22569.46,22595.18,22569.71,10.04,18.83,TP
270,2025-06-26,10:47,SHORT,89.75,9.46,22572.75,22563.29,22586.95,22587.20,-14.45,-30.13,SL
271,2025-06-26,11:14,SHORT,89.75,6.36,22592.00,22585.64,22601.54,22601.79,-9.79,-20.81,SL
272,2025-06-26,11:21,SHORT,89.75,7.55,22611.00,22603.45,22622.33,22603.70,7.30,13.37,TP
273,2025-06-26,11:27,SHORT,89.75,7.75,22596.75,22589.00,22608.38,22589.25,7.50,13.76,TP
274,2025-06-27,09:46,SHORT,34.00,15.12,22739.00,22723.88,22761.69,22761.94,-22.94,-47.12,SL
275,2025-06-27,10:01,SHORT,34.00,10.77,22788.25,22777.48,22804.40,22804.65,-16.40,-34.04,SL
276,2025-06-27,10:13,SHORT,34.00,13.54,22816.75,22803.21,22837.05,22803.46,13.29,25.33,TP
277,2025-06-27,10:19,SHORT,34.00,12.82,22795.00,22782.18,22814.23,22814.48,-19.48,-40.20,SL
278,2025-06-27,10:39,SHORT,34.00,12.88,22811.00,22798.12,22830.31,22798.38,12.62,24.01,TP
279,2025-06-27,10:44,SHORT,34.00,12.11,22802.25,22790.14,22820.41,22790.39,11.86,22.47,TP
280,2025-06-30,10:12,SHORT,120.25,12.77,22849.00,22836.23,22868.15,22836.48,12.52,23.80,TP
281,2025-07-01,10:00,LONG,-82.75,14.73,22789.00,22803.73,22766.90,22803.48,14.48,27.72,TP
282,2025-07-01,10:10,LONG,-82.75,15.79,22799.00,22814.79,22775.32,22814.54,15.54,29.83,TP
283,2025-07-01,10:22,LONG,-82.75,13.41,22798.75,22812.16,22778.63,22778.38,-20.37,-41.97,SL
284,2025-07-01,10:27,LONG,-82.75,14.80,22774.25,22789.05,22752.04,22751.79,-22.46,-46.15,SL
285,2025-07-01,10:33,LONG,-82.75,15.38,22775.75,22791.12,22752.69,22752.44,-23.31,-47.87,SL
286,2025-07-01,10:38,LONG,-82.75,17.23,22728.00,22745.23,22702.15,22701.90,-26.10,-53.44,SL
287,2025-07-01,10:47,LONG,-82.75,16.38,22691.00,22707.38,22666.44,22707.12,16.12,31.01,TP
288,2025-07-01,10:52,LONG,-82.75,14.71,22712.00,22726.71,22689.93,22689.68,-22.32,-45.88,SL
289,2025-07-01,11:02,LONG,-82.75,15.52,22698.00,22713.52,22674.72,22713.27,15.27,29.30,TP
290,2025-07-01,11:09,LONG,-82.75,19.52,22635.25,22654.77,22605.97,22605.72,-29.53,-60.29,SL
291,2025-07-01,11:18,LONG,-82.75,20.70,22620.50,22641.20,22589.46,22640.95,20.45,39.65,TP
292,2025-07-01,11:24,LONG,-82.75,16.12,22652.75,22668.88,22628.56,22668.62,15.88,30.51,TP
293,2025-07-03,09:48,SHORT,87.25,14.00,22973.25,22959.25,22994.25,22994.50,-21.25,-43.74,SL
294,2025-07-03,09:56,SHORT,87.25,14.05,22996.50,22982.45,23017.58,23017.83,-21.33,-43.90,SL
295,2025-07-03,10:05,SHORT,87.25,13.77,23038.25,23024.48,23058.90,23059.15,-20.90,-43.04,SL
296,2025-07-03,10:17,SHORT,87.25,8.98,23045.50,23036.52,23058.97,23059.22,-13.72,-28.69,SL
297,2025-07-03,10:24,SHORT,87.25,9.36,23057.50,23048.14,23071.54,23048.39,9.11,16.97,TP
298,2025-07-03,10:38,SHORT,87.25,8.95,23056.00,23047.05,23069.42,23047.30,8.70,16.15,TP
299,2025-07-03,10:49,SHORT,87.25,8.25,23049.75,23041.50,23062.12,23041.75,8.00,14.76,TP
300,2025-07-03,10:56,SHORT,87.25,8.43,23052.00,23043.57,23064.64,23064.89,-12.89,-27.03,SL
301,2025-07-03,11:13,SHORT,87.25,7.73,23064.50,23056.77,23076.10,23057.02,7.48,13.72,TP
302,2025-07-03,11:23,SHORT,87.25,6.23,23067.00,23060.77,23076.35,23076.60,-9.60,-20.44,SL
303,2025-07-03,11:30,SHORT,87.25,7.57,23066.75,23059.18,23078.11,23078.36,-11.61,-24.45,SL
304,2025-07-07,09:51,SHORT,38.75,16.27,22961.00,22944.73,22985.40,22944.98,16.02,30.80,TP
305,2025-07-07,10:26,SHORT,38.75,11.77,22958.75,22946.98,22976.40,22947.23,11.52,21.80,TP
306,2025-07-08,09:56,SHORT,51.25,13.38,22921.75,22908.38,22941.81,22908.62,13.12,25.01,TP
307,2025-07-08,10:35,SHORT,51.25,13.07,22922.50,22909.43,22942.11,22942.36,-19.86,-40.95,SL
308,2025-07-08,10:45,SHORT,51.25,10.84,22927.75,22916.91,22944.01,22917.16,10.59,19.94,TP
309,2025-07-09,09:46,SHORT,86.75,13.55,23074.00,23060.45,23094.33,23094.58,-20.58,-42.40,SL
310,2025-07-09,09:55,SHORT,86.75,12.23,23087.50,23075.27,23105.85,23075.52,11.98,22.72,TP
311,2025-07-09,10:03,SHORT,86.75,11.96,23105.25,23093.29,23123.20,23093.54,11.71,22.19,TP
312,2025-07-09,10:11,SHORT,86.75,12.25,23098.00,23085.75,23116.38,23086.00,12.00,22.76,TP
313,2025-07-11,09:46,LONG,-99.75,17.48,22881.00,22898.48,22854.78,22898.23,17.23,33.22,TP
314,2025-07-14,09:46,LONG,-12.50,22.84,22865.75,22888.59,22831.49,22888.34,22.59,43.94,TP
315,2025-07-15,10:12,SHORT,165.75,14.95,23187.00,23172.05,23209.42,23172.30,14.70,28.15,TP
316,2025-07-15,10:22,SHORT,165.75,12.54,23187.00,23174.46,23205.80,23174.71,12.29,23.33,TP
317,2025-07-16,11:12,SHORT,22.50,15.77,23029.25,23013.48,23052.90,23013.73,15.52,29.80,TP
318,2025-07-17,09:46,SHORT,25.75,16.96,23123.25,23106.29,23148.70,23148.95,-25.70,-52.63,SL
319,2025-07-17,09:57,SHORT,25.75,10.89,23147.75,23136.86,23164.09,23164.34,-16.59,-34.42,SL
320,2025-07-17,10:06,SHORT,25.75,9.96,23169.25,23159.29,23184.20,23159.54,9.71,18.19,TP
321,2025-07-17,10:33,SHORT,25.75,11.54,23164.50,23152.96,23181.80,23182.05,-17.55,-36.35,SL
322,2025-07-17,10:51,SHORT,25.75,8.98,23193.25,23184.27,23206.72,23184.52,8.73,16.22,TP
323,2025-07-17,10:58,SHORT,25.75,7.57,23194.00,23186.43,23205.36,23205.61,-11.61,-24.45,SL
324,2025-07-17,11:06,SHORT,25.75,7.89,23233.50,23225.61,23245.34,23225.86,7.64,14.05,TP
325,2025-07-17,11:16,SHORT,25.75,8.07,23235.75,23227.68,23247.86,23227.93,7.82,14.40,TP
326,2025-07-17,11:22,SHORT,25.75,7.20,23217.75,23210.55,23228.54,23228.79,-11.04,-23.33,SL
327,2025-07-17,11:30,SHORT,25.75,7.57,23228.50,23220.93,23239.86,23221.18,7.32,13.40,TP
328,2025-07-18,09:48,SHORT,42.75,13.88,23292.75,23278.88,23313.56,23279.12,13.62,26.01,TP
329,2025-07-21,09:46,SHORT,29.50,13.23,23367.75,23354.52,23387.60,23387.85,-20.10,-41.44,SL
330,2025-07-21,10:01,SHORT,29.50,11.30,23399.75,23388.45,23416.71,23388.70,11.05,20.87,TP
331,2025-07-21,10:06,SHORT,29.50,11.54,23393.00,23381.46,23410.30,23381.71,11.29,21.33,TP
332,2025-07-21,10:15,SHORT,29.50,9.70,23399.00,23389.30,23413.54,23389.55,9.45,17.65,TP
333,2025-07-21,10:22,SHORT,29.50,11.11,23415.00,23403.89,23431.66,23404.14,10.86,20.47,TP
334,2025-07-21,10:28,SHORT,29.50,9.88,23404.50,23394.62,23419.31,23419.56,-15.06,-31.36,SL
335,2025-07-21,10:36,SHORT,29.50,7.95,23418.25,23410.30,23430.17,23410.55,7.70,14.15,TP
336,2025-07-21,10:45,SHORT,29.50,8.00,23409.25,23401.25,23421.25,23401.50,7.75,14.26,TP
337,2025-07-23,11:01,SHORT,40.50,7.50,23211.75,23204.25,23223.00,23204.50,7.25,13.26,TP
338,2025-07-23,11:24,SHORT,40.50,7.68,23209.25,23201.57,23220.77,23201.82,7.43,13.62,TP
339,2025-07-24,09:47,SHORT,49.50,15.95,23373.75,23357.80,23397.67,23397.92,-24.17,-49.58,SL
340,2025-07-24,10:58,SHORT,49.50,7.11,23380.00,23372.89,23390.66,23373.14,6.86,12.47,TP
341,2025-07-24,11:04,SHORT,49.50,7.29,23385.50,23378.21,23396.43,23378.46,7.04,12.83,TP
342,2025-07-24,11:09,SHORT,49.50,6.98,23382.00,23375.02,23392.47,23375.27,6.73,12.22,TP
343,2025-07-24,11:14,SHORT,49.50,7.00,23385.25,23378.25,23395.75,23378.50,6.75,12.26,TP
344,2025-07-24,11:21,SHORT,49.50,6.89,23381.50,23374.61,23391.84,23392.09,-10.59,-22.42,SL
345,2025-07-24,11:29,SHORT,49.50,6.54,23379.75,23373.21,23389.55,23373.46,6.29,11.33,TP
346,2025-07-28,09:46,SHORT,50.25,14.18,23512.25,23498.07,23533.52,23498.32,13.93,26.62,TP
347,2025-07-28,09:53,SHORT,50.25,17.39,23515.25,23497.86,23541.34,23498.11,17.14,33.05,TP
348,2025-07-28,10:16,SHORT,50.25,10.45,23520.50,23510.05,23536.17,23510.30,10.20,19.15,TP
349,2025-07-28,10:42,SHORT,50.25,7.18,23516.50,23509.32,23527.27,23509.57,6.93,12.62,TP
350,2025-07-30,09:46,SHORT,30.25,17.93,23519.50,23501.57,23546.39,23501.82,17.68,34.12,TP
351,2025-07-30,10:22,SHORT,30.25,10.09,23503.00,23492.91,23518.13,23518.38,-15.38,-32.01,SL
352,2025-07-30,10:28,SHORT,30.25,9.34,23508.00,23498.66,23522.01,23522.26,-14.26,-29.76,SL
353,2025-07-30,10:35,SHORT,30.25,10.45,23514.75,23504.30,23530.42,23530.67,-15.92,-33.08,SL
354,2025-07-30,10:55,SHORT,30.25,6.98,23531.75,23524.77,23542.22,23525.02,6.73,12.22,TP
355,2025-07-30,11:03,SHORT,30.25,8.77,23517.00,23508.23,23530.15,23508.48,8.52,15.80,TP
356,2025-07-31,09:54,SHORT,263.50,21.50,23686.25,23664.75,23718.50,23665.00,21.25,41.26,TP
357,2025-08-01,09:46,LONG,-265.75,32.16,22898.25,22930.41,22850.01,22849.76,-48.49,-98.22,SL
358,2025-08-01,10:06,LONG,-265.75,29.95,22843.50,22873.45,22798.58,22873.20,29.70,58.15,TP
359,2025-08-04,09:46,SHORT,213.50,17.25,23213.25,23196.00,23239.12,23239.38,-26.12,-53.49,SL
360,2025-08-04,10:02,SHORT,213.50,14.43,23247.00,23232.57,23268.64,23232.82,14.18,27.12,TP
361,2025-08-04,10:14,SHORT,213.50,13.23,23241.75,23228.52,23261.60,23261.85,-20.10,-41.44,SL
362,2025-08-04,10:20,SHORT,213.50,12.11,23247.00,23234.89,23265.16,23235.14,11.86,22.47,TP
363,2025-08-04,10:30,SHORT,213.50,10.82,23249.75,23238.93,23265.98,23239.18,10.57,19.90,TP
364,2025-08-04,10:37,SHORT,213.50,11.18,23252.50,23241.32,23269.27,23241.57,10.93,20.62,TP
365,2025-08-05,09:46,SHORT,52.00,20.11,23379.00,23358.89,23409.16,23359.14,19.86,38.47,TP
366,2025-08-06,09:48,SHORT,35.00,24.77,23221.00,23196.23,23258.15,23196.48,24.52,47.80,TP
367,2025-08-06,09:55,SHORT,35.00,23.71,23229.25,23205.54,23264.82,23205.79,23.46,45.69,TP
368,2025-08-06,10:02,SHORT,35.00,27.36,23224.50,23197.14,23265.54,23265.79,-41.29,-83.81,SL
369,2025-08-06,10:09,SHORT,35.00,23.75,23272.50,23248.75,23308.12,23249.00,23.50,45.76,TP
370,2025-08-06,10:37,SHORT,35.00,21.29,23246.00,23224.71,23277.93,23224.96,21.04,40.83,TP
371,2025-08-06,10:42,SHORT,35.00,21.16,23250.25,23229.09,23281.99,23229.34,20.91,40.58,TP
372,2025-08-06,10:55,SHORT,35.00,14.64,23260.25,23245.61,23282.21,23282.46,-22.21,-45.67,SL
373,2025-08-06,11:01,SHORT,35.00,13.89,23287.00,23273.11,23307.84,23273.36,13.64,26.05,TP
374,2025-08-06,11:08,SHORT,35.00,13.48,23267.75,23254.27,23287.97,23288.22,-20.47,-42.19,SL
375,2025-08-06,11:14,SHORT,35.00,13.55,23284.00,23270.45,23304.33,23304.58,-20.58,-42.40,SL
376,2025-08-06,11:21,SHORT,35.00,12.73,23309.50,23296.77,23328.60,23328.85,-19.35,-39.94,SL
377,2025-08-07,09:56,SHORT,176.25,20.59,23637.00,23616.41,23667.88,23668.13,-31.13,-63.51,SL
378,2025-08-07,10:07,SHORT,176.25,19.30,23648.50,23629.20,23677.46,23629.45,19.05,36.87,TP
379,2025-08-08,09:46,SHORT,39.75,16.77,23627.50,23610.73,23652.65,23652.90,-25.40,-52.04,SL
380,2025-08-08,10:09,SHORT,39.75,13.77,23651.75,23637.98,23672.40,23672.65,-20.90,-43.04,SL
381,2025-08-08,10:19,SHORT,39.75,14.91,23657.25,23642.34,23679.62,23679.87,-22.62,-46.47,SL
382,2025-08-08,10:32,SHORT,39.75,11.16,23690.25,23679.09,23706.99,23679.34,10.91,20.58,TP
383,2025-08-08,10:46,SHORT,39.75,9.43,23679.75,23670.32,23693.89,23670.57,9.18,17.12,TP
384,2025-08-08,11:16,SHORT,39.75,9.80,23679.50,23669.70,23694.21,23669.95,9.55,17.87,TP
385,2025-08-11,09:47,SHORT,2.00,15.43,23725.00,23709.57,23748.14,23709.82,15.18,29.12,TP
386,2025-08-11,09:58,SHORT,2.00,14.07,23739.00,23724.93,23760.11,23725.18,13.82,26.40,TP
387,2025-08-11,10:08,SHORT,2.00,12.36,23738.00,23725.64,23756.54,23756.79,-18.79,-38.81,SL
388,2025-08-11,10:17,SHORT,2.00,12.32,23743.75,23731.43,23762.23,23762.48,-18.73,-38.70,SL
389,2025-08-11,10:22,SHORT,2.00,10.82,23757.75,23746.93,23773.98,23747.18,10.57,19.90,TP
390,2025-08-11,10:38,SHORT,2.00,8.05,23751.00,23742.95,23763.08,23743.20,7.80,14.37,TP
391,2025-08-11,10:45,SHORT,2.00,9.11,23754.50,23745.39,23768.16,23745.64,8.86,16.47,TP
392,2025-08-12,10:22,SHORT,94.50,19.71,23759.00,23739.29,23788.57,23739.54,19.46,37.69,TP
393,2025-08-12,10:36,SHORT,94.50,13.95,23762.50,23748.55,23783.42,23748.80,13.70,26.15,TP
394,2025-08-12,10:52,SHORT,94.50,14.02,23767.50,23753.48,23788.53,23753.73,13.77,26.30,TP
395,2025-08-12,11:00,SHORT,94.50,13.66,23776.25,23762.59,23796.74,23796.99,-20.74,-42.72,SL
396,2025-08-12,11:10,SHORT,94.50,10.16,23809.75,23799.59,23824.99,23825.24,-15.49,-32.22,SL
397,2025-08-12,11:15,SHORT,94.50,10.91,23824.75,23813.84,23841.12,23841.37,-16.62,-34.47,SL
398,2025-08-12,11:21,SHORT,94.50,11.21,23847.00,23835.79,23863.82,23836.04,10.96,20.69,TP
399,2025-08-13,09:51,SHORT,110.50,14.27,24057.75,24043.48,24079.15,24043.73,14.02,26.80,TP
400,2025-08-14,11:26,LONG,-85.00,12.32,23881.00,23893.32,23862.52,23893.07,12.07,22.90,TP
401,2025-08-15,09:46,LONG,-12.25,21.04,23814.75,23835.79,23783.20,23782.95,-31.80,-64.85,SL
402,2025-08-15,09:54,LONG,-12.25,20.73,23773.00,23793.73,23741.90,23793.48,20.48,39.72,TP
403,2025-08-15,10:01,LONG,-12.25,19.93,23795.75,23815.68,23765.86,23815.43,19.68,38.12,TP
404,2025-08-15,10:48,LONG,-12.25,14.61,23807.00,23821.61,23785.09,23821.36,14.36,27.47,TP
405,2025-08-15,11:25,LONG,-12.25,10.77,23804.25,23815.02,23788.10,23814.77,10.52,19.80,TP
406,2025-08-15,11:30,LONG,-12.25,10.41,23802.50,23812.91,23786.88,23812.66,10.16,19.08,TP
407,2025-08-18,09:51,LONG,-37.00,16.23,23772.75,23788.98,23748.40,23748.15,-24.60,-50.44,SL
408,2025-08-18,09:57,LONG,-37.00,15.12,23759.50,23774.62,23736.81,23736.56,-22.94,-47.12,SL
409,2025-08-18,10:40,LONG,-37.00,13.34,23763.00,23776.34,23742.99,23742.74,-20.26,-41.76,SL
410,2025-08-18,11:17,LONG,-37.00,9.07,23752.25,23761.32,23738.64,23761.07,8.82,16.40,TP
411,2025-08-18,11:26,LONG,-37.00,8.71,23749.75,23758.46,23736.68,23758.21,8.46,15.69,TP
412,2025-08-19,09:46,LONG,-34.25,22.80,23663.50,23686.30,23629.29,23686.05,22.55,43.87,TP
413,2025-08-19,10:28,LONG,-34.25,15.75,23651.00,23666.75,23627.38,23627.12,-23.88,-48.99,SL
414,2025-08-19,10:33,LONG,-34.25,17.68,23645.75,23663.43,23619.23,23618.98,-26.77,-54.78,SL
415,2025-08-19,10:41,LONG,-34.25,19.23,23615.50,23634.73,23586.65,23586.40,-29.10,-59.44,SL
416,2025-08-19,10:48,LONG,-34.25,16.36,23592.00,23608.36,23567.46,23567.21,-24.79,-50.81,SL
417,2025-08-19,10:53,LONG,-34.25,17.36,23573.50,23590.86,23547.46,23590.61,17.11,32.97,TP
418,2025-08-19,10:59,LONG,-34.25,15.71,23562.00,23577.71,23538.43,23538.18,-23.82,-48.88,SL
419,2025-08-19,11:05,LONG,-34.25,15.68,23548.50,23564.18,23524.98,23563.93,15.43,29.62,TP
420,2025-08-19,11:19,LONG,-34.25,14.45,23568.25,23582.70,23546.58,23582.45,14.20,27.15,TP
421,2025-08-20,09:46,LONG,-44.50,25.34,23304.50,23329.84,23266.49,23266.24,-38.26,-77.76,SL
422,2025-08-20,09:54,LONG,-44.50,27.75,23187.00,23214.75,23145.38,23145.12,-41.88,-84.99,SL
423,2025-08-20,10:10,LONG,-44.50,29.96,23111.00,23140.96,23066.05,23065.80,-45.20,-91.63,SL
424,2025-08-20,10:29,LONG,-44.50,24.88,23107.25,23132.12,23069.94,23069.69,-37.56,-76.36,SL
425,2025-08-20,10:45,LONG,-44.50,19.84,23068.50,23088.34,23038.74,23088.09,19.59,37.94,TP
426,2025-08-20,10:50,LONG,-44.50,22.86,23057.25,23080.11,23022.96,23079.86,22.61,43.97,TP
427,2025-08-21,09:46,LONG,-64.50,29.68,23209.00,23238.68,23164.48,23238.43,29.43,57.62,TP
428,2025-08-21,09:56,LONG,-64.50,33.27,23213.50,23246.77,23163.60,23163.35,-50.15,-101.54,SL
429,2025-08-21,11:13,LONG,-64.50,14.80,23223.50,23238.30,23201.29,23238.05,14.55,27.87,TP
430,2025-08-22,09:46,SHORT,46.75,22.75,23332.75,23310.00,23366.88,23310.25,22.50,43.76,TP
431,2025-08-22,09:51,SHORT,46.75,21.38,23328.75,23307.38,23360.81,23307.62,21.12,41.01,TP
432,2025-08-22,10:01,SHORT,46.75,33.61,23457.50,23423.89,23507.91,23508.16,-50.66,-102.56,SL
433,2025-08-22,10:06,SHORT,46.75,45.00,23520.50,23475.50,23588.00,23588.25,-67.75,-136.74,SL
434,2025-08-22,10:19,SHORT,46.75,35.88,23583.00,23547.12,23636.81,23547.38,35.62,70.01,TP
435,2025-08-22,10:26,SHORT,46.75,34.21,23577.75,23543.54,23629.07,23543.79,33.96,66.69,TP
436,2025-08-22,10:33,SHORT,46.75,32.71,23582.00,23549.29,23631.07,23631.32,-49.32,-99.88,SL
437,2025-08-22,10:51,SHORT,46.75,20.38,23623.75,23603.38,23654.31,23603.62,20.12,39.01,TP
438,2025-08-22,10:56,SHORT,46.75,18.73,23625.75,23607.02,23653.85,23607.27,18.48,35.72,TP
439,2025-08-22,11:02,SHORT,46.75,18.25,23629.25,23611.00,23656.62,23611.25,18.00,34.76,TP
440,2025-08-25,09:46,LONG,-69.00,21.21,23451.25,23472.46,23419.43,23472.21,20.96,40.69,TP
441,2025-08-26,09:47,LONG,-25.25,20.20,23458.25,23478.45,23427.96,23427.71,-30.54,-62.33,SL
442,2025-08-27,09:46,LONG,-45.50,19.20,23501.50,23520.70,23472.71,23520.45,18.95,36.65,TP
443,2025-08-27,09:52,LONG,-45.50,19.09,23509.00,23528.09,23480.37,23527.84,18.84,36.44,TP
444,2025-08-28,10:48,SHORT,20.50,15.89,23713.50,23697.61,23737.34,23697.86,15.64,30.05,TP
445,2025-08-28,10:57,SHORT,20.50,12.11,23727.75,23715.64,23745.91,23715.89,11.86,22.47,TP
446,2025-08-28,11:05,SHORT,20.50,10.77,23707.50,23696.73,23723.65,23696.98,10.52,19.80,TP
447,2025-08-28,11:10,SHORT,20.50,9.70,23713.50,23703.80,23728.04,23728.29,-14.79,-30.83,SL
448,2025-08-28,11:17,SHORT,20.50,10.30,23748.00,23737.70,23763.46,23737.95,10.05,18.87,TP
449,2025-08-29,09:46,LONG,-114.25,20.98,23566.00,23586.98,23534.53,23534.28,-31.72,-64.69,SL
450,2025-08-29,09:55,LONG,-114.25,20.64,23549.25,23569.89,23518.29,23518.04,-31.21,-63.67,SL
451,2025-08-29,10:02,LONG,-114.25,22.57,23526.00,23548.57,23492.14,23491.89,-34.11,-69.45,SL
452,2025-08-29,10:09,LONG,-114.25,26.00,23453.00,23479.00,23414.00,23478.75,25.75,50.26,TP
453,2025-08-29,10:27,LONG,-114.25,22.29,23452.50,23474.79,23419.07,23474.54,22.04,42.83,TP
454,2025-08-29,10:48,LONG,-114.25,16.41,23458.25,23474.66,23433.63,23433.38,-24.87,-50.97,SL
455,2025-08-29,10:55,LONG,-114.25,18.38,23437.25,23455.62,23409.69,23455.38,18.12,35.01,TP
456,2025-09-01,09:46,SHORT,2.75,7.32,23482.00,23474.68,23492.98,23474.93,7.07,12.90,TP
457,2025-09-01,09:52,SHORT,2.75,6.14,23487.00,23480.86,23496.21,23481.11,5.89,10.55,TP
458,2025-09-01,10:38,SHORT,2.75,3.34,23490.50,23487.16,23495.51,23487.41,3.09,4.94,TP
459,2025-09-01,11:06,SHORT,2.75,3.04,23492.50,23489.46,23497.05,23489.71,2.79,4.33,TP
460,2025-09-01,11:20,SHORT,2.75,4.05,23495.25,23491.20,23501.33,23501.58,-6.33,-13.90,SL
461,2025-09-02,11:07,LONG,-402.50,15.12,23129.25,23144.38,23106.56,23144.12,14.88,28.51,TP
462,2025-09-02,11:16,LONG,-402.50,13.12,23119.50,23132.62,23099.81,23099.56,-19.94,-41.12,SL
463,2025-09-02,11:23,LONG,-402.50,13.71,23100.75,23114.46,23080.18,23114.21,13.46,25.69,TP
464,2025-09-02,11:29,LONG,-402.50,13.32,23115.25,23128.57,23095.27,23095.02,-20.23,-41.70,SL
465,2025-09-03,09:51,SHORT,146.25,20.84,23411.00,23390.16,23442.26,23390.41,20.59,39.94,TP
466,2025-09-03,10:01,SHORT,146.25,23.20,23415.00,23391.80,23449.79,23450.04,-35.04,-71.33,SL
467,2025-09-03,10:09,SHORT,146.25,22.57,23438.50,23415.93,23472.36,23416.18,22.32,43.40,TP
468,2025-09-03,10:19,SHORT,146.25,21.88,23444.75,23422.88,23477.56,23477.81,-33.06,-67.36,SL
469,2025-09-03,10:40,SHORT,146.25,14.45,23480.50,23466.05,23502.17,23502.42,-21.92,-45.08,SL
470,2025-09-03,10:48,SHORT,146.25,11.45,23514.75,23503.30,23531.92,23503.55,11.20,21.15,TP
471,2025-09-03,10:58,SHORT,146.25,11.64,23511.00,23499.36,23528.46,23499.61,11.39,21.55,TP
472,2025-09-03,11:07,SHORT,146.25,10.79,23513.25,23502.46,23529.43,23502.71,10.54,19.83,TP
473,2025-09-03,11:12,SHORT,146.25,10.55,23505.50,23494.95,23521.33,23495.20,10.30,19.37,TP
474,2025-09-03,11:20,SHORT,146.25,11.29,23483.25,23471.96,23500.18,23472.21,11.04,20.83,TP
475,2025-09-04,10:33,SHORT,28.25,15.45,23504.50,23489.05,23527.67,23527.92,-23.42,-48.08,SL
476,2025-09-04,10:47,SHORT,28.25,12.32,23507.75,23495.43,23526.23,23526.48,-18.73,-38.70,SL
477,2025-09-04,11:05,SHORT,28.25,10.89,23525.00,23514.11,23541.34,23514.36,10.64,20.05,TP
478,2025-09-04,11:16,SHORT,28.25,11.73,23517.25,23505.52,23534.85,23535.10,-17.85,-36.94,SL
479,2025-09-04,11:23,SHORT,28.25,11.88,23545.25,23533.38,23563.06,23533.62,11.62,22.01,TP
480,2025-09-05,09:50,SHORT,208.25,25.34,23879.50,23854.16,23917.51,23854.41,25.09,48.94,TP
481,2025-09-08,09:46,SHORT,93.75,21.84,23840.25,23818.41,23873.01,23818.66,21.59,41.94,TP
482,2025-09-08,09:52,SHORT,93.75,22.73,23857.00,23834.27,23891.10,23834.52,22.48,43.72,TP
483,2025-09-08,10:06,SHORT,93.75,15.45,23854.50,23839.05,23877.67,23839.30,15.20,29.15,TP
484,2025-09-08,10:29,SHORT,93.75,13.52,23859.25,23845.73,23879.53,23879.78,-20.53,-42.29,SL
485,2025-09-08,10:37,SHORT,93.75,12.02,23868.50,23856.48,23886.53,23886.78,-18.28,-37.79,SL
486,2025-09-08,10:47,SHORT,93.75,9.73,23881.75,23872.02,23896.35,23872.27,9.48,17.72,TP
487,2025-09-08,10:55,SHORT,93.75,8.77,23871.75,23862.98,23884.90,23863.23,8.52,15.80,TP
488,2025-09-08,11:09,SHORT,93.75,9.41,23867.25,23857.84,23881.37,23881.62,-14.37,-29.97,SL
489,2025-09-08,11:29,SHORT,93.75,8.96,23869.00,23860.04,23882.45,23882.70,-13.70,-28.63,SL
490,2025-09-09,09:48,SHORT,31.50,14.48,23844.50,23830.02,23866.22,23830.27,14.23,27.22,TP
491,2025-09-09,10:11,SHORT,31.50,20.80,23843.00,23822.20,23874.21,23822.45,20.55,39.87,TP
492,2025-09-10,10:03,SHORT,131.25,19.73,23956.00,23936.27,23985.60,23985.85,-29.85,-60.94,SL
493,2025-09-10,10:31,SHORT,131.25,13.00,23970.50,23957.50,23990.00,23957.75,12.75,24.26,TP
494,2025-09-10,10:43,SHORT,131.25,11.93,23976.25,23964.32,23994.14,23964.57,11.68,22.12,TP
495,2025-09-10,11:01,SHORT,131.25,11.98,23974.75,23962.77,23992.72,23963.02,11.73,22.22,TP
496,2025-09-11,09:58,SHORT,103.25,17.89,23982.75,23964.86,24009.59,23965.11,17.64,34.05,TP
497,2025-09-11,10:05,SHORT,103.25,16.23,23979.75,23963.52,24004.10,23963.77,15.98,30.72,TP
498,2025-09-11,10:33,SHORT,103.25,12.39,23982.50,23970.11,24001.09,24001.34,-18.84,-38.92,SL
499,2025-09-11,10:40,SHORT,103.25,10.45,24012.00,24001.55,24027.67,24001.80,10.20,19.15,TP
500,2025-09-11,10:50,SHORT,103.25,8.80,24006.25,23997.45,24019.46,23997.70,8.55,15.87,TP
501,2025-09-11,11:00,SHORT,103.25,11.61,24003.25,23991.64,24020.66,24020.91,-17.66,-36.56,SL
502,2025-09-11,11:21,SHORT,103.25,8.73,24041.00,24032.27,24054.10,24032.52,8.48,15.72,TP
503,2025-09-11,11:26,SHORT,103.25,9.77,24036.25,24026.48,24050.90,24026.73,9.52,17.80,TP
504,2025-09-12,09:56,SHORT,28.75,12.00,24042.75,24030.75,24060.75,24031.00,11.75,22.26,TP
505,2025-09-12,10:05,SHORT,28.75,11.95,24049.25,24037.30,24067.17,24037.55,11.70,22.15,TP
506,2025-09-12,10:18,SHORT,28.75,9.96,24050.00,24040.04,24064.95,24065.20,-15.20,-31.63,SL
507,2025-09-12,10:26,SHORT,28.75,10.82,24073.00,24062.18,24089.23,24089.48,-16.48,-34.20,SL
508,2025-09-12,10:50,SHORT,28.75,7.46,24094.50,24087.04,24105.70,24105.95,-11.45,-24.13,SL
509,2025-09-12,10:59,SHORT,28.75,7.45,24103.00,24095.55,24114.17,24095.80,7.20,13.15,TP
510,2025-09-12,11:07,SHORT,28.75,7.55,24090.00,24082.45,24101.33,24082.70,7.30,13.37,TP
511,2025-09-12,11:16,SHORT,28.75,8.07,24100.75,24092.68,24112.86,24092.93,7.82,14.40,TP
512,2025-09-12,11:25,SHORT,28.75,8.14,24092.00,24083.86,24104.21,24084.11,7.89,14.55,TP
513,2025-09-15,09:47,SHORT,308.75,15.04,24464.00,24448.96,24486.55,24486.80,-22.80,-46.85,SL
514,2025-09-15,09:56,SHORT,308.75,11.20,24481.50,24470.30,24498.29,24498.54,-17.04,-35.33,SL
515,2025-09-15,10:04,SHORT,308.75,9.73,24492.75,24483.02,24507.35,24483.27,9.48,17.72,TP
516,2025-09-15,10:28,SHORT,308.75,8.43,24496.75,24488.32,24509.39,24488.57,8.18,15.12,TP
517,2025-09-15,10:42,SHORT,308.75,8.91,24495.50,24486.59,24508.87,24486.84,8.66,16.08,TP
518,2025-09-15,10:56,SHORT,308.75,7.07,24499.75,24492.68,24510.36,24510.61,-10.86,-22.95,SL
519,2025-09-15,11:05,SHORT,308.75,6.34,24508.25,24501.91,24517.76,24502.16,6.09,10.94,TP
520,2025-09-15,11:12,SHORT,308.75,7.30,24503.25,24495.95,24514.21,24496.20,7.05,12.87,TP
521,2025-09-15,11:28,SHORT,308.75,6.14,24501.25,24495.11,24510.46,24495.36,5.89,10.55,TP
522,2025-09-17,09:46,LONG,-3.00,14.16,24465.25,24479.41,24444.01,24479.16,13.91,26.58,TP
523,2025-09-17,10:00,LONG,-3.00,14.89,24477.75,24492.64,24455.41,24455.16,-22.59,-46.42,SL
524,2025-09-17,10:06,LONG,-3.00,14.64,24468.50,24483.14,24446.54,24446.29,-22.21,-45.67,SL
525,2025-09-17,10:32,LONG,-3.00,9.32,24446.25,24455.57,24432.27,24455.32,9.07,16.90,TP
526,2025-09-17,10:38,LONG,-3.00,8.88,24435.75,24444.62,24422.44,24444.38,8.62,16.01,TP
527,2025-09-17,10:45,LONG,-3.00,9.27,24425.00,24434.27,24411.10,24434.02,9.02,16.80,TP
528,2025-09-17,10:53,LONG,-3.00,10.07,24420.25,24430.32,24405.14,24430.07,9.82,18.40,TP
529,2025-09-17,10:59,LONG,-3.00,9.36,24422.25,24431.61,24408.21,24407.96,-14.29,-29.81,SL
530,2025-09-17,11:10,LONG,-3.00,7.52,24416.50,24424.02,24405.22,24423.77,7.27,13.30,TP
531,2025-09-17,11:23,LONG,-3.00,7.32,24432.50,24439.82,24421.52,24421.27,-11.23,-23.70,SL
532,2025-09-17,11:30,LONG,-3.00,6.96,24413.00,24419.96,24402.55,24419.71,6.71,12.19,TP
533,2025-09-18,09:51,SHORT,203.75,23.61,24690.25,24666.64,24725.66,24666.89,23.36,45.47,TP
534,2025-09-18,10:00,SHORT,203.75,22.86,24696.75,24673.89,24731.04,24731.29,-34.54,-70.31,SL
535,2025-09-18,10:10,SHORT,203.75,16.70,24749.00,24732.30,24774.04,24774.29,-25.29,-51.83,SL
536,2025-09-18,10:25,SHORT,203.75,11.89,24768.50,24756.61,24786.34,24786.59,-18.09,-37.42,SL
537,2025-09-18,10:31,SHORT,203.75,12.00,24802.25,24790.25,24820.25,24790.50,11.75,22.26,TP
538,2025-09-18,10:38,SHORT,203.75,10.41,24772.75,24762.34,24788.37,24762.59,10.16,19.08,TP
539,2025-09-18,10:45,SHORT,203.75,10.05,24759.75,24749.70,24774.83,24775.08,-15.33,-31.90,SL
540,2025-09-18,11:03,SHORT,203.75,12.93,24767.50,24754.57,24786.89,24754.82,12.68,24.12,TP
541,2025-09-18,11:11,SHORT,203.75,13.62,24774.75,24761.12,24795.19,24795.44,-20.69,-42.62,SL
542,2025-09-18,11:23,SHORT,203.75,11.07,24801.75,24790.68,24818.36,24790.93,10.82,20.40,TP
543,2025-09-19,09:50,SHORT,69.75,18.84,24793.00,24774.16,24821.26,24774.41,18.59,35.94,TP
544,2025-09-25,09:59,LONG,-163.00,25.71,24440.50,24466.21,24401.93,24465.96,25.46,49.69,TP
545,2025-09-26,09:49,SHORT,22.25,25.39,24699.25,24673.86,24737.34,24674.11,25.14,49.05,TP
546,2025-09-26,10:00,SHORT,22.25,17.73,24706.00,24688.27,24732.60,24732.85,-26.85,-54.94,SL
547,2025-09-29,09:46,SHORT,125.75,17.52,24928.75,24911.23,24955.03,24955.28,-26.53,-54.29,SL
548,2025-09-29,10:08,SHORT,125.75,15.21,24955.50,24940.29,24978.32,24940.54,14.96,28.69,TP
549,2025-09-29,10:24,SHORT,125.75,12.98,24963.25,24950.27,24982.72,24950.52,12.73,24.22,TP
550,2025-09-30,09:54,LONG,-16.75,18.86,24757.75,24776.61,24729.46,24729.21,-28.54,-58.31,SL
551,2025-09-30,10:12,LONG,-16.75,18.25,24748.00,24766.25,24720.62,24766.00,18.00,34.76,TP
552,2025-10-01,09:49,LONG,-134.25,19.64,24773.75,24793.39,24744.29,24744.04,-29.71,-60.67,SL
553,2025-10-03,09:48,SHORT,25.25,16.30,25152.25,25135.95,25176.71,25136.20,16.05,30.87,TP
554,2025-10-03,11:25,SHORT,25.25,7.41,25141.75,25134.34,25152.87,25134.59,7.16,13.08,TP
555,2025-10-06,11:28,SHORT,217.50,7.82,25173.75,25165.93,25185.48,25166.18,7.57,13.90,TP
556,2025-10-07,09:50,SHORT,53.25,15.36,25248.25,25232.89,25271.29,25233.14,15.11,28.97,TP
557,2025-10-07,09:56,SHORT,53.25,15.02,25261.00,25245.98,25283.53,25246.23,14.77,28.30,TP
558,2025-10-07,10:11,SHORT,53.25,12.09,25249.75,25237.66,25267.88,25237.91,11.84,22.44,TP
559,2025-10-08,09:46,SHORT,35.00,15.02,25139.00,25123.98,25161.53,25161.78,-22.78,-46.79,SL
560,2025-10-08,09:54,SHORT,35.00,15.61,25163.50,25147.89,25186.91,25187.16,-23.66,-48.56,SL
561,2025-10-08,10:05,SHORT,35.00,13.86,25203.00,25189.14,25223.79,25224.04,-21.04,-43.31,SL
562,2025-10-08,10:15,SHORT,35.00,11.32,25210.00,25198.68,25226.98,25198.93,11.07,20.90,TP
563,2025-10-08,10:27,SHORT,35.00,11.41,25209.50,25198.09,25226.62,25198.34,11.16,21.08,TP
564,2025-10-08,11:12,SHORT,35.00,9.09,25215.25,25206.16,25228.88,25206.41,8.84,16.44,TP
565,2025-10-08,11:22,SHORT,35.00,7.29,25215.25,25207.96,25226.18,25226.43,-11.18,-23.60,SL
566,2025-10-08,11:30,SHORT,35.00,8.62,25235.75,25227.12,25248.69,25248.94,-13.19,-27.61,SL
567,2025-10-10,09:46,SHORT,18.50,15.93,25384.25,25368.32,25408.14,25368.57,15.68,30.12,TP
568,2025-10-13,09:48,SHORT,422.00,35.54,24827.50,24791.96,24880.80,24881.05,-53.55,-108.35,SL
569,2025-10-13,10:03,SHORT,422.00,21.88,24874.25,24852.38,24907.06,24907.31,-33.06,-67.36,SL
570,2025-10-13,10:10,SHORT,422.00,19.21,24902.75,24883.54,24931.57,24883.79,18.96,36.69,TP
571,2025-10-13,10:17,SHORT,422.00,20.91,24889.50,24868.59,24920.87,24868.84,20.66,40.08,TP
572,2025-10-13,10:40,SHORT,422.00,21.84,24881.00,24859.16,24913.76,24859.41,21.59,41.94,TP
573,2025-10-13,11:21,SHORT,422.00,15.70,24871.25,24855.55,24894.79,24895.04,-23.79,-48.83,SL
574,2025-10-15,09:53,SHORT,245.25,31.00,24973.75,24942.75,25020.25,25020.50,-46.75,-94.74,SL
575,2025-10-15,10:03,SHORT,245.25,21.68,25035.25,25013.57,25067.77,25068.02,-32.77,-66.78,SL
576,2025-10-15,10:12,SHORT,245.25,17.11,25086.25,25069.14,25111.91,25112.16,-25.91,-53.06,SL
577,2025-10-15,10:31,SHORT,245.25,14.16,25109.00,25094.84,25130.24,25095.09,13.91,26.58,TP
578,2025-10-15,10:45,SHORT,245.25,14.88,25094.25,25079.38,25116.56,25079.62,14.62,28.01,TP
579,2025-10-15,10:56,SHORT,245.25,13.95,25086.25,25072.30,25107.17,25107.42,-21.17,-43.58,SL
580,2025-10-15,11:05,SHORT,245.25,13.66,25091.50,25077.84,25111.99,25078.09,13.41,25.58,TP
581,2025-10-16,09:46,SHORT,120.50,24.89,25122.75,25097.86,25160.09,25098.11,24.64,48.05,TP
582,2025-10-16,10:19,SHORT,120.50,24.73,25086.75,25062.02,25123.85,25062.27,24.48,47.72,TP
583,2025-10-16,10:32,SHORT,120.50,23.41,25105.75,25082.34,25140.87,25141.12,-35.37,-71.97,SL
584,2025-10-16,10:42,SHORT,120.50,18.98,25153.50,25134.52,25181.97,25134.77,18.73,36.22,TP
585,2025-10-16,10:52,SHORT,120.50,18.18,25125.25,25107.07,25152.52,25107.32,17.93,34.62,TP
586,2025-10-16,10:57,SHORT,120.50,19.27,25127.50,25108.23,25156.40,25108.48,19.02,36.80,TP
587,2025-10-16,11:09,SHORT,120.50,21.00,25123.50,25102.50,25155.00,25102.75,20.75,40.26,TP
588,2025-10-17,09:46,LONG,-95.25,37.16,24694.00,24731.16,24638.26,24730.91,36.91,72.58,TP
589,2025-10-17,11:15,LONG,-95.25,31.04,24741.50,24772.54,24694.95,24772.29,30.79,60.33,TP
590,2025-10-17,11:22,LONG,-95.25,28.12,24725.50,24753.62,24683.31,24753.38,27.88,54.51,TP
591,2025-10-20,09:50,SHORT,130.25,17.41,25220.00,25202.59,25246.12,25202.84,17.16,33.08,TP
592,2025-10-20,10:02,SHORT,130.25,16.43,25227.50,25211.07,25252.14,25211.32,16.18,31.12,TP
593,2025-10-20,10:07,SHORT,130.25,17.39,25241.75,25224.36,25267.84,25224.61,17.14,33.05,TP
594,2025-10-20,10:23,SHORT,130.25,14.14,25247.50,25233.36,25268.71,25268.96,-21.46,-44.17,SL
595,2025-10-20,10:32,SHORT,130.25,12.59,25279.00,25266.41,25297.88,25266.66,12.34,23.44,TP
596,2025-10-20,10:40,SHORT,130.25,10.89,25286.00,25275.11,25302.34,25302.59,-16.59,-34.42,SL
597,2025-10-20,10:48,SHORT,130.25,11.45,25306.50,25295.05,25323.67,25323.92,-17.42,-36.08,SL
598,2025-10-20,11:16,SHORT,130.25,9.48,25300.50,25291.02,25314.72,25314.97,-14.47,-30.19,SL
599,2025-10-20,11:23,SHORT,130.25,9.84,25319.00,25309.16,25333.76,25309.41,9.59,17.94,TP
600,2025-10-21,10:20,SHORT,1.25,14.82,25272.25,25257.43,25294.48,25257.68,14.57,27.90,TP
601,2025-10-21,10:53,SHORT,1.25,12.54,25270.50,25257.96,25289.30,25289.55,-19.05,-39.35,SL
602,2025-10-21,11:00,SHORT,1.25,11.29,25297.75,25286.46,25314.68,25286.71,11.04,20.83,TP
603,2025-10-21,11:05,SHORT,1.25,11.43,25276.25,25264.82,25293.39,25293.64,-17.39,-36.03,SL
604,2025-10-21,11:29,SHORT,1.25,12.64,25280.00,25267.36,25298.96,25267.61,12.39,23.55,TP
605,2025-10-22,10:24,LONG,-26.00,17.12,25194.50,25211.62,25168.81,25168.56,-25.94,-53.12,SL
606,2025-10-22,10:32,LONG,-26.00,20.18,25102.25,25122.43,25071.98,25122.18,19.93,38.62,TP
607,2025-10-22,10:38,LONG,-26.00,24.59,25122.75,25147.34,25085.87,25085.62,-37.13,-75.51,SL
608,2025-10-22,10:45,LONG,-26.00,24.23,25074.50,25098.73,25038.15,25098.48,23.98,46.72,TP
609,2025-10-22,11:21,LONG,-26.00,18.09,25109.25,25127.34,25082.12,25081.87,-27.38,-56.01,SL
610,2025-10-22,11:26,LONG,-26.00,22.54,25054.00,25076.54,25020.20,25019.95,-34.05,-69.35,SL
611,2025-10-24,10:01,SHORT,214.00,24.27,25520.50,25496.23,25556.90,25496.48,24.02,46.80,TP
612,2025-10-24,10:43,SHORT,214.00,15.21,25525.00,25509.79,25547.82,25510.04,14.96,28.69,TP
613,2025-10-24,11:21,SHORT,214.00,12.25,25522.75,25510.50,25541.12,25541.38,-18.62,-38.49,SL
614,2025-10-24,11:29,SHORT,214.00,9.71,25530.50,25520.79,25545.07,25545.32,-14.82,-30.88,SL
615,2025-10-27,09:56,SHORT,306.75,15.64,25849.50,25833.86,25872.96,25873.21,-23.71,-48.67,SL
616,2025-10-27,10:08,SHORT,306.75,12.91,25866.00,25853.09,25885.37,25853.34,12.66,24.08,TP
617,2025-10-27,10:15,SHORT,306.75,12.11,25859.75,25847.64,25877.91,25847.89,11.86,22.47,TP
618,2025-10-27,10:29,SHORT,306.75,15.80,25861.00,25845.20,25884.71,25884.96,-23.96,-49.15,SL
619,2025-10-27,10:41,SHORT,306.75,11.30,25878.50,25867.20,25895.46,25867.45,11.05,20.87,TP
620,2025-10-27,10:56,SHORT,306.75,11.02,25875.50,25864.48,25892.03,25864.73,10.77,20.30,TP
621,2025-10-27,11:03,SHORT,306.75,11.04,25875.75,25864.71,25892.30,25892.55,-16.80,-34.85,SL
622,2025-10-27,11:17,SHORT,306.75,9.00,25891.75,25882.75,25905.25,25883.00,8.75,16.26,TP
623,2025-10-27,11:24,SHORT,306.75,8.27,25887.75,25879.48,25900.15,25900.40,-12.65,-26.54,SL
624,2025-10-29,09:47,SHORT,105.75,13.29,26280.00,26266.71,26299.93,26266.96,13.04,24.83,TP
625,2025-10-29,09:53,SHORT,105.75,13.68,26296.25,26282.57,26316.77,26317.02,-20.77,-42.78,SL
626,2025-10-29,10:02,SHORT,105.75,13.46,26319.00,26305.54,26339.20,26305.79,13.21,25.19,TP
627,2025-10-29,10:35,SHORT,105.75,9.84,26304.00,26294.16,26318.76,26294.41,9.59,17.94,TP
628,2025-10-30,10:54,LONG,-154.50,23.71,25993.25,26016.96,25957.68,26016.71,23.46,45.69,TP
629,2025-10-31,10:38,SHORT,327.50,14.00,26145.25,26131.25,26166.25,26166.50,-21.25,-43.74,SL
630,2025-10-31,10:49,SHORT,327.50,11.75,26171.50,26159.75,26189.12,26160.00,11.50,21.76,TP
631,2025-10-31,10:55,SHORT,327.50,12.05,26160.25,26148.20,26178.33,26148.45,11.80,22.37,TP
632,2025-10-31,11:01,SHORT,327.50,11.29,26161.50,26150.21,26178.43,26150.46,11.04,20.83,TP
633,2025-10-31,11:15,SHORT,327.50,10.30,26169.50,26159.20,26184.96,26159.45,10.05,18.87,TP
634,2025-11-06,09:51,LONG,-67.50,28.84,25600.25,25629.09,25556.99,25556.74,-43.51,-88.26,SL
635,2025-11-06,09:57,LONG,-67.50,28.54,25556.00,25584.54,25513.20,25512.95,-43.05,-87.35,SL
636,2025-11-06,10:04,LONG,-67.50,31.12,25448.75,25479.88,25402.06,25479.62,30.88,60.51,TP
637,2025-11-06,10:15,LONG,-67.50,32.11,25423.75,25455.86,25375.59,25455.61,31.86,62.47,TP
638,2025-11-06,10:34,LONG,-67.50,25.54,25442.00,25467.54,25403.70,25403.45,-38.55,-78.35,SL
639,2025-11-06,10:41,LONG,-67.50,27.98,25347.00,25374.98,25305.03,25304.78,-42.22,-85.69,SL
640,2025-11-06,10:58,LONG,-67.50,33.12,25311.25,25344.38,25261.56,25344.12,32.88,64.51,TP
641,2025-11-06,11:06,LONG,-67.50,26.93,25358.75,25385.68,25318.36,25318.11,-40.64,-82.53,SL
642,2025-11-06,11:12,LONG,-67.50,26.32,25335.50,25361.82,25296.02,25295.77,-39.73,-80.70,SL
643,2025-11-06,11:23,LONG,-67.50,28.46,25294.25,25322.71,25251.55,25322.46,28.21,55.19,TP
644,2025-11-07,09:47,LONG,-148.75,38.18,24943.75,24981.93,24886.48,24981.68,37.93,74.62,TP
645,2025-11-07,10:05,LONG,-148.75,34.62,24941.25,24975.88,24889.31,24889.06,-52.19,-105.61,SL
646,2025-11-07,10:34,LONG,-148.75,34.62,24929.00,24963.62,24877.06,24963.38,34.38,67.51,TP
647,2025-11-07,10:42,LONG,-148.75,30.04,24883.25,24913.29,24838.20,24837.95,-45.30,-91.85,SL
648,2025-11-07,11:01,LONG,-148.75,21.34,24849.00,24870.34,24816.99,24816.74,-32.26,-65.76,SL
649,2025-11-07,11:11,LONG,-148.75,20.50,24811.00,24831.50,24780.25,24780.00,-31.00,-63.24,SL
650,2025-11-07,11:17,LONG,-148.75,19.84,24777.00,24796.84,24747.24,24796.59,19.59,37.94,TP
651,2025-11-07,11:22,LONG,-148.75,19.32,24831.25,24850.57,24802.27,24802.02,-29.23,-59.70,SL
652,2025-11-07,11:30,LONG,-148.75,19.09,24796.00,24815.09,24767.37,24814.84,18.84,36.44,TP
653,2025-11-10,09:46,SHORT,375.00,17.80,25633.25,25615.45,25659.96,25615.70,17.55,33.87,TP
654,2025-11-10,09:58,SHORT,375.00,19.57,25641.75,25622.18,25671.11,25622.43,19.32,37.40,TP
655,2025-11-10,10:07,SHORT,375.00,18.50,25646.00,25627.50,25673.75,25627.75,18.25,35.26,TP
656,2025-11-10,10:22,SHORT,375.00,17.11,25649.75,25632.64,25675.41,25632.89,16.86,32.47,TP
657,2025-11-11,09:50,LONG,-107.75,20.98,25582.75,25603.73,25551.28,25603.48,20.73,40.22,TP
658,2025-11-11,10:06,LONG,-107.75,20.07,25584.75,25604.82,25554.64,25554.39,-30.36,-61.95,SL
659,2025-11-11,10:14,LONG,-107.75,23.02,25576.25,25599.27,25541.72,25541.47,-34.78,-70.79,SL
660,2025-11-11,10:24,LONG,-107.75,19.59,25551.75,25571.34,25522.37,25571.09,19.34,37.44,TP
661,2025-11-11,10:30,LONG,-107.75,20.86,25546.75,25567.61,25515.46,25515.21,-31.54,-64.31,SL
662,2025-11-11,10:38,LONG,-107.75,18.77,25512.75,25531.52,25484.60,25531.27,18.52,35.80,TP
663,2025-11-11,10:46,LONG,-107.75,18.95,25528.50,25547.45,25500.08,25499.83,-28.67,-58.58,SL
664,2025-11-11,10:56,LONG,-107.75,17.91,25490.25,25508.16,25463.38,25507.91,17.66,34.08,TP
665,2025-11-11,11:02,LONG,-107.75,15.55,25528.25,25543.80,25504.92,25543.55,15.30,29.37,TP
666,2025-11-11,11:29,LONG,-107.75,16.89,25517.25,25534.14,25491.91,25491.66,-25.59,-52.42,SL
667,2025-11-13,09:46,LONG,-148.50,32.71,25297.50,25330.21,25248.43,25329.96,32.46,63.69,TP
668,2025-11-13,10:35,LONG,-148.50,25.41,25318.00,25343.41,25279.88,25279.63,-38.37,-77.97,SL
669,2025-11-13,10:50,LONG,-148.50,23.96,25241.50,25265.46,25205.55,25205.30,-36.20,-73.63,SL
670,2025-11-13,10:59,LONG,-148.50,21.88,25242.75,25264.62,25209.94,25264.38,21.62,42.01,TP
671,2025-11-13,11:05,LONG,-148.50,22.96,25220.75,25243.71,25186.30,25243.46,22.71,44.19,TP
672,2025-11-13,11:20,LONG,-148.50,22.59,25212.00,25234.59,25178.12,25234.34,22.34,43.44,TP
673,2025-11-13,11:28,LONG,-148.50,24.57,25207.75,25232.32,25170.89,25232.07,24.32,47.40,TP
674,2025-11-17,10:20,LONG,-108.25,32.18,25066.50,25098.68,25018.23,25098.43,31.93,62.62,TP
675,2025-11-17,10:34,LONG,-108.25,32.14,25064.50,25096.64,25016.29,25096.39,31.89,62.55,TP
676,2025-11-17,11:02,LONG,-108.25,27.46,25050.75,25078.21,25009.55,25009.30,-41.45,-84.13,SL
677,2025-11-17,11:12,LONG,-108.25,23.18,25010.00,25033.18,24975.23,24974.98,-35.02,-71.28,SL
678,2025-11-17,11:20,LONG,-108.25,20.79,24961.25,24982.04,24930.07,24981.79,20.54,39.83,TP
679,2025-11-18,09:47,LONG,-169.75,50.07,24670.00,24720.07,24594.89,24594.64,-75.36,-151.95,SL
680,2025-11-18,09:55,LONG,-169.75,49.38,24576.25,24625.62,24502.19,24501.94,-74.31,-149.87,SL
681,2025-11-18,10:06,LONG,-169.75,36.86,24473.25,24510.11,24417.96,24509.86,36.61,71.97,TP
682,2025-11-18,10:11,LONG,-169.75,40.02,24524.50,24564.52,24464.47,24464.22,-60.28,-121.79,SL
683,2025-11-18,10:17,LONG,-169.75,44.07,24449.25,24493.32,24383.14,24493.07,43.82,86.40,TP
684,2025-11-18,10:36,LONG,-169.75,48.61,24476.25,24524.86,24403.34,24524.61,48.36,95.47,TP
685,2025-11-18,10:46,LONG,-169.75,47.98,24479.75,24527.73,24407.78,24527.48,47.73,94.22,TP
686,2025-11-18,11:00,LONG,-169.75,34.91,24458.25,24493.16,24405.88,24405.63,-52.62,-106.47,SL
687,2025-11-18,11:06,LONG,-169.75,38.05,24416.75,24454.80,24359.67,24454.55,37.80,74.37,TP
688,2025-11-19,09:46,SHORT,25.75,39.61,24762.75,24723.14,24822.16,24822.41,-59.66,-120.56,SL
689,2025-11-19,09:58,SHORT,25.75,28.07,24858.75,24830.68,24900.86,24901.11,-42.36,-85.95,SL
690,2025-11-19,10:04,SHORT,25.75,26.75,24925.75,24899.00,24965.88,24899.25,26.50,51.76,TP
691,2025-11-19,10:15,SHORT,25.75,22.71,24942.00,24919.29,24976.07,24976.32,-34.32,-69.88,SL
692,2025-11-19,10:21,SHORT,25.75,23.29,24946.00,24922.71,24980.93,24981.18,-35.18,-71.60,SL
693,2025-11-19,10:26,SHORT,25.75,25.46,24940.75,24915.29,24978.95,24915.54,25.21,49.19,TP
694,2025-11-20,09:48,SHORT,486.75,44.04,25261.25,25217.21,25327.30,25217.46,43.79,86.33,TP
695,2025-11-20,09:54,SHORT,486.75,42.61,25252.50,25209.89,25316.41,25210.14,42.36,83.47,TP
696,2025-11-20,10:27,SHORT,486.75,30.64,25255.75,25225.11,25301.71,25301.96,-46.21,-93.67,SL
697,2025-11-20,10:42,SHORT,486.75,22.36,25281.50,25259.14,25315.04,25259.39,22.11,42.97,TP
698,2025-11-21,09:53,SHORT,65.75,53.96,24239.00,24185.04,24319.95,24185.29,53.71,106.19,TP
699,2025-11-24,10:00,SHORT,208.50,39.27,24683.00,24643.73,24741.90,24742.15,-59.15,-119.54,SL
700,2025-11-24,10:08,SHORT,208.50,32.71,24729.75,24697.04,24778.82,24697.29,32.46,63.69,TP
701,2025-11-24,10:16,SHORT,208.50,32.73,24737.75,24705.02,24786.85,24705.27,32.48,63.72,TP
702,2025-11-24,10:24,SHORT,208.50,32.50,24725.50,24693.00,24774.25,24693.25,32.25,63.26,TP
703,2025-11-24,10:29,SHORT,208.50,30.04,24740.75,24710.71,24785.80,24710.96,29.79,58.33,TP
704,2025-11-24,10:35,SHORT,208.50,27.30,24759.75,24732.45,24800.71,24800.96,-41.21,-83.65,SL
705,2025-11-24,10:47,SHORT,208.50,20.54,24796.25,24775.71,24827.05,24775.96,20.29,39.33,TP
706,2025-11-24,11:00,SHORT,208.50,17.96,24779.75,24761.79,24806.70,24806.95,-27.20,-55.63,SL
707,2025-11-24,11:07,SHORT,208.50,17.52,24835.00,24817.48,24861.28,24861.53,-26.53,-54.29,SL
708,2025-11-24,11:17,SHORT,208.50,14.32,24866.25,24851.93,24887.73,24852.18,14.07,26.90,TP
709,2025-11-25,09:46,LONG,-78.75,31.61,24688.75,24720.36,24641.34,24641.09,-47.66,-96.56,SL
710,2025-11-25,10:04,LONG,-78.75,40.46,24680.00,24720.46,24619.30,24720.21,40.21,79.19,TP
711,2025-11-26,09:47,SHORT,142.75,27.05,25250.00,25222.95,25290.58,25223.20,26.80,52.37,TP
712,2025-11-26,10:40,SHORT,142.75,17.64,25245.25,25227.61,25271.71,25227.86,17.39,33.55,TP
713,2025-11-26,10:55,SHORT,142.75,16.61,25243.75,25227.14,25268.66,25227.39,16.36,31.47,TP
714,2025-11-26,11:01,SHORT,142.75,14.23,25274.50,25260.27,25295.85,25296.10,-21.60,-44.44,SL
715,2025-11-26,11:10,SHORT,142.75,12.55,25297.50,25284.95,25316.33,25316.58,-19.08,-39.40,SL
716,2025-11-26,11:25,SHORT,142.75,10.16,25330.00,25319.84,25345.24,25320.09,9.91,18.58,TP
717,2025-11-28,10:17,SHORT,59.75,13.59,25392.25,25378.66,25412.63,25378.91,13.34,25.44,TP
718,2025-11-28,10:43,SHORT,59.75,11.70,25391.25,25379.55,25408.79,25379.80,11.45,21.65,TP
719,2025-11-28,10:50,SHORT,59.75,10.41,25400.50,25390.09,25416.12,25416.37,-15.87,-32.97,SL
720,2025-11-28,10:57,SHORT,59.75,9.66,25403.25,25393.59,25417.74,25417.99,-14.74,-30.72,SL
721,2025-11-28,11:09,SHORT,59.75,11.20,25428.25,25417.05,25445.04,25417.30,10.95,20.65,TP
722,2025-12-02,09:46,SHORT,90.50,24.14,25601.50,25577.36,25637.71,25577.61,23.89,46.55,TP
723,2025-12-02,09:52,SHORT,90.50,22.55,25608.25,25585.70,25642.08,25585.95,22.30,43.37,TP
724,2025-12-02,10:01,SHORT,90.50,22.66,25618.25,25595.59,25652.24,25652.49,-34.24,-69.72,SL
725,2025-12-02,10:13,SHORT,90.50,18.02,25631.00,25612.98,25658.03,25613.23,17.77,34.30,TP
726,2025-12-02,10:25,SHORT,90.50,15.64,25638.00,25622.36,25661.46,25622.61,15.39,29.55,TP
727,2025-12-02,10:44,SHORT,90.50,22.36,25625.75,25603.39,25659.29,25659.54,-33.79,-68.81,SL
728,2025-12-02,10:55,SHORT,90.50,13.14,25651.50,25638.36,25671.21,25638.61,12.89,24.55,TP
729,2025-12-02,11:03,SHORT,90.50,13.46,25659.50,25646.04,25679.70,25646.29,13.21,25.19,TP
730,2025-12-03,09:49,LONG,-105.00,30.77,25476.25,25507.02,25430.10,25429.85,-46.40,-94.04,SL
731,2025-12-04,10:38,SHORT,54.50,20.75,25623.50,25602.75,25654.62,25603.00,20.50,39.76,TP
732,2025-12-05,09:53,SHORT,52.25,26.38,25772.75,25746.38,25812.31,25812.56,-39.81,-80.86,SL
733,2025-12-05,10:05,SHORT,52.25,21.20,25812.00,25790.80,25843.79,25844.04,-32.04,-65.33,SL
734,2025-12-05,10:16,SHORT,52.25,15.12,25850.75,25835.62,25873.44,25835.88,14.88,28.51,TP
735,2025-12-05,10:25,SHORT,52.25,12.96,25856.00,25843.04,25875.45,25843.29,12.71,24.19,TP
736,2025-12-05,10:31,SHORT,52.25,12.52,25845.75,25833.23,25864.53,25833.48,12.27,23.30,TP
737,2025-12-10,09:56,LONG,-55.75,20.59,25593.00,25613.59,25562.12,25613.34,20.34,39.44,TP
738,2025-12-10,10:35,LONG,-55.75,13.16,25609.25,25622.41,25589.51,25589.26,-19.99,-41.22,SL
739,2025-12-10,10:41,LONG,-55.75,14.70,25579.50,25594.20,25557.46,25593.95,14.45,27.65,TP
740,2025-12-10,10:47,LONG,-55.75,15.75,25582.75,25598.50,25559.12,25598.25,15.50,29.76,TP
741,2025-12-10,10:53,LONG,-55.75,15.88,25591.00,25606.88,25567.19,25566.94,-24.06,-49.37,SL
742,2025-12-10,11:00,LONG,-55.75,16.91,25567.00,25583.91,25541.63,25541.38,-25.62,-52.47,SL
743,2025-12-10,11:05,LONG,-55.75,18.05,25551.75,25569.80,25524.67,25569.55,17.80,34.37,TP
744,2025-12-11,09:46,LONG,-157.25,32.77,25556.00,25588.77,25506.85,25506.60,-49.40,-100.04,SL
745,2025-12-11,09:54,LONG,-157.25,29.46,25446.75,25476.21,25402.55,25402.30,-44.45,-90.13,SL
746,2025-12-11,11:29,LONG,-157.25,18.55,25468.00,25486.55,25440.17,25486.30,18.30,35.37,TP
747,2025-12-12,09:46,LONG,-155.00,25.21,25544.00,25569.21,25506.18,25505.93,-38.07,-77.38,SL
748,2025-12-12,10:01,LONG,-155.00,22.91,25520.50,25543.41,25486.13,25485.88,-34.62,-70.47,SL
749,2025-12-12,10:09,LONG,-155.00,23.50,25432.50,25456.00,25397.25,25455.75,23.25,45.26,TP
750,2025-12-12,10:15,LONG,-155.00,24.50,25438.00,25462.50,25401.25,25401.00,-37.00,-75.24,SL
751,2025-12-12,10:26,LONG,-155.00,22.91,25369.50,25392.41,25335.13,25334.88,-34.62,-70.47,SL
752,2025-12-12,10:33,LONG,-155.00,27.05,25359.50,25386.55,25318.92,25386.30,26.80,52.37,TP
753,2025-12-12,10:51,LONG,-155.00,25.43,25363.00,25388.43,25324.86,25324.61,-38.39,-78.03,SL
754,2025-12-12,11:00,LONG,-155.00,29.96,25240.50,25270.46,25195.55,25270.21,29.71,58.19,TP
755,2025-12-12,11:05,LONG,-155.00,32.91,25174.75,25207.66,25125.38,25207.41,32.66,64.08,TP
756,2025-12-12,11:10,LONG,-155.00,38.71,25198.00,25236.71,25139.93,25139.68,-58.32,-117.88,SL
757,2025-12-12,11:26,LONG,-155.00,31.64,25190.25,25221.89,25142.79,25221.64,31.39,61.55,TP
758,2025-12-16,09:46,LONG,-103.00,40.79,25219.50,25260.29,25158.32,25260.04,40.54,79.83,TP
759,2025-12-16,10:18,LONG,-103.00,35.07,25278.75,25313.82,25226.14,25225.89,-52.86,-106.95,SL
760,2025-12-16,10:29,LONG,-103.00,27.02,25215.00,25242.02,25174.47,25241.77,26.77,52.30,TP
761,2025-12-16,10:37,LONG,-103.00,29.39,25239.25,25268.64,25195.16,25194.91,-44.34,-89.92,SL
762,2025-12-16,10:51,LONG,-103.00,30.93,25238.25,25269.18,25191.86,25268.93,30.68,60.12,TP
763,2025-12-16,11:17,LONG,-103.00,22.11,25235.75,25257.86,25202.59,25257.61,21.86,42.47,TP
764,2025-12-16,11:24,LONG,-103.00,22.12,25237.25,25259.38,25204.06,25259.12,21.88,42.51,TP
765,2025-12-18,09:59,SHORT,387.00,32.21,25282.75,25250.54,25331.07,25250.79,31.96,62.69,TP
766,2025-12-18,10:25,SHORT,387.00,24.61,25280.75,25256.14,25317.66,25317.91,-37.16,-75.56,SL
767,2025-12-18,10:31,SHORT,387.00,24.77,25330.25,25305.48,25367.40,25367.65,-37.40,-76.04,SL
768,2025-12-18,10:40,SHORT,387.00,20.45,25389.75,25369.30,25420.42,25369.55,20.20,39.15,TP
769,2025-12-18,10:51,SHORT,387.00,17.89,25366.50,25348.61,25393.34,25393.59,-27.09,-55.42,SL
770,2025-12-18,11:11,SHORT,387.00,12.91,25390.00,25377.09,25409.37,25409.62,-19.62,-40.47,SL
771,2025-12-18,11:17,SHORT,387.00,13.84,25377.50,25363.66,25398.26,25398.51,-21.01,-43.26,SL
772,2025-12-18,11:22,SHORT,387.00,14.43,25401.00,25386.57,25422.64,25386.82,14.18,27.12,TP
773,2025-12-18,11:27,SHORT,387.00,14.95,25385.25,25370.30,25407.67,25370.55,14.70,28.15,TP
774,2025-12-19,09:46,SHORT,109.75,31.20,25541.50,25510.30,25588.29,25588.54,-47.04,-95.33,SL
775,2025-12-19,10:05,SHORT,109.75,22.80,25567.75,25544.95,25601.96,25545.20,22.55,43.87,TP
776,2025-12-19,11:13,SHORT,109.75,16.27,25554.50,25538.23,25578.90,25538.48,16.02,30.80,TP
777,2025-12-22,09:55,SHORT,199.25,21.50,25750.50,25729.00,25782.75,25729.25,21.25,41.26,TP
778,2025-12-23,09:56,LONG,-44.00,17.80,25701.25,25719.05,25674.54,25674.29,-26.96,-55.15,SL
779,2025-12-23,10:04,LONG,-44.00,20.62,25638.00,25658.62,25607.06,25658.38,20.38,39.51,TP
780,2025-12-23,10:14,LONG,-44.00,18.39,25637.75,25656.14,25610.16,25655.89,18.14,35.05,TP
781,2025-12-24,09:47,LONG,-15.50,14.16,25791.25,25805.41,25770.01,25805.16,13.91,26.58,TP
782,2025-12-26,09:46,SHORT,37.50,17.48,25928.25,25910.77,25954.47,25911.02,17.23,33.22,TP
783,2025-12-26,11:04,SHORT,37.50,7.00,25909.25,25902.25,25919.75,25902.50,6.75,12.26,TP
784,2025-12-29,10:05,LONG,-159.75,18.80,25710.25,25729.05,25682.04,25681.79,-28.46,-58.15,SL
785,2025-12-29,10:15,LONG,-159.75,16.29,25677.75,25694.04,25653.32,25693.79,16.04,30.83,TP
786,2025-12-29,10:51,LONG,-159.75,13.14,25693.00,25706.14,25673.29,25705.89,12.89,24.55,TP
787,2025-12-29,11:03,LONG,-159.75,14.98,25695.00,25709.98,25672.53,25709.73,14.73,28.22,TP
788,2025-12-29,11:18,LONG,-159.75,11.27,25685.25,25696.52,25668.35,25696.27,11.02,20.80,TP
789,2025-12-29,11:28,LONG,-159.75,9.52,25691.50,25701.02,25677.22,25700.77,9.27,17.30,TP
790,2025-12-30,09:46,LONG,-48.75,18.98,25681.00,25699.98,25652.53,25699.73,18.73,36.22,TP
791,2025-12-30,10:13,LONG,-48.75,12.77,25694.25,25707.02,25675.10,25706.77,12.52,23.80,TP
792,2025-12-30,10:28,LONG,-48.75,11.62,25692.50,25704.12,25675.06,25703.88,11.38,21.51,TP
793,2025-12-30,10:43,LONG,-48.75,7.61,25691.50,25699.11,25680.09,25679.84,-11.66,-24.56,SL
794,2026-01-02,09:48,SHORT,231.75,30.12,25757.50,25727.38,25802.69,25802.94,-45.44,-92.11,SL
795,2026-01-02,09:57,SHORT,231.75,27.48,25753.25,25725.77,25794.47,25726.02,27.23,53.22,TP
796,2026-01-05,09:46,SHORT,257.75,34.75,25623.00,25588.25,25675.12,25588.50,34.50,67.76,TP
797,2026-01-05,10:04,SHORT,257.75,27.73,25621.00,25593.27,25662.60,25662.85,-41.85,-84.94,SL
798,2026-01-05,10:25,SHORT,257.75,17.00,25661.75,25644.75,25687.25,25645.00,16.75,32.26,TP
799,2026-01-05,10:30,SHORT,257.75,17.14,25673.25,25656.11,25698.96,25656.36,16.89,32.55,TP
800,2026-01-05,10:43,SHORT,257.75,13.25,25660.00,25646.75,25679.88,25647.00,13.00,24.76,TP
801,2026-01-05,10:49,SHORT,257.75,14.16,25653.50,25639.34,25674.74,25674.99,-21.49,-44.22,SL
802,2026-01-05,11:11,SHORT,257.75,10.38,25687.50,25677.12,25703.06,25677.38,10.12,19.01,TP
803,2026-01-05,11:19,SHORT,257.75,10.00,25674.50,25664.50,25689.50,25689.75,-15.25,-31.74,SL
804,2026-01-05,11:29,SHORT,257.75,8.02,25688.50,25680.48,25700.53,25680.73,7.77,14.30,TP
805,2026-01-06,09:46,SHORT,49.00,26.04,25688.50,25662.46,25727.55,25727.80,-39.30,-79.85,SL
806,2026-01-06,09:55,SHORT,49.00,22.98,25732.00,25709.02,25766.47,25766.72,-34.72,-70.69,SL
807,2026-01-06,10:05,SHORT,49.00,16.48,25748.75,25732.27,25773.47,25732.52,16.23,31.22,TP
808,2026-01-06,10:16,SHORT,49.00,13.79,25749.50,25735.71,25770.18,25735.96,13.54,25.83,TP
809,2026-01-06,10:26,SHORT,49.00,13.45,25772.50,25759.05,25792.67,25759.30,13.20,25.15,TP
810,2026-01-08,09:46,LONG,-48.50,31.45,25619.00,25650.45,25571.83,25650.20,31.20,61.15,TP
811,2026-01-08,09:51,LONG,-48.50,29.91,25636.25,25666.16,25591.38,25665.91,29.66,58.08,TP
812,2026-01-08,09:57,LONG,-48.50,26.45,25625.25,25651.70,25585.58,25585.33,-39.92,-81.08,SL
813,2026-01-08,10:55,LONG,-48.50,18.43,25616.50,25634.93,25588.86,25634.68,18.18,35.12,TP
814,2026-01-09,09:48,SHORT,31.75,30.82,25761.50,25730.68,25807.73,25730.93,30.57,59.90,TP
815,2026-01-09,10:15,SHORT,31.75,33.77,25747.25,25713.48,25797.90,25798.15,-50.90,-103.04,SL
816,2026-01-09,10:27,SHORT,31.75,21.61,25823.00,25801.39,25855.41,25855.66,-32.66,-66.56,SL
817,2026-01-09,10:33,SHORT,31.75,21.04,25870.25,25849.21,25901.80,25849.46,20.79,40.33,TP
818,2026-01-09,10:42,SHORT,31.75,17.70,25814.50,25796.80,25841.04,25797.05,17.45,33.65,TP
819,2026-01-09,11:00,SHORT,31.75,20.32,25811.00,25790.68,25841.48,25841.73,-30.73,-62.70,SL
820,2026-01-09,11:07,SHORT,31.75,16.59,25853.75,25837.16,25878.63,25878.88,-25.13,-51.51,SL
821,2026-01-09,11:14,SHORT,31.75,16.30,25895.00,25878.70,25919.46,25878.95,16.05,30.87,TP
822,2026-01-09,11:20,SHORT,31.75,14.52,25886.25,25871.73,25908.03,25871.98,14.27,27.30,TP
823,2026-01-13,09:52,LONG,-1.75,29.71,25944.50,25974.21,25899.93,25973.96,29.46,57.69,TP
824,2026-01-13,09:59,LONG,-1.75,25.48,25954.50,25979.98,25916.28,25916.03,-38.47,-78.19,SL
825,2026-01-13,10:08,LONG,-1.75,28.48,25934.50,25962.98,25891.78,25891.53,-42.97,-87.19,SL
826,2026-01-13,10:20,LONG,-1.75,19.71,25883.00,25902.71,25853.43,25853.18,-29.82,-60.88,SL
827,2026-01-13,10:26,LONG,-1.75,21.46,25834.50,25855.96,25802.30,25855.71,21.21,41.19,TP
828,2026-01-13,10:39,LONG,-1.75,22.50,25841.25,25863.75,25807.50,25807.25,-34.00,-69.24,SL
829,2026-01-14,09:46,LONG,-164.00,37.16,25617.25,25654.41,25561.51,25654.16,36.91,72.58,TP
830,2026-01-14,09:52,LONG,-164.00,32.52,25631.00,25663.52,25582.22,25581.97,-49.03,-99.29,SL
831,2026-01-14,10:04,LONG,-164.00,31.16,25552.00,25583.16,25505.26,25582.91,30.91,60.58,TP
832,2026-01-14,10:11,LONG,-164.00,29.98,25567.75,25597.73,25522.78,25597.48,29.73,58.22,TP
833,2026-01-14,10:31,LONG,-164.00,25.86,25584.50,25610.36,25545.71,25610.11,25.61,49.97,TP
834,2026-01-14,10:44,LONG,-164.00,23.57,25557.75,25581.32,25522.39,25522.14,-35.61,-72.45,SL
835,2026-01-14,10:52,LONG,-164.00,24.48,25475.75,25500.23,25439.03,25499.98,24.23,47.22,TP
836,2026-01-14,11:00,LONG,-164.00,20.11,25492.00,25512.11,25461.84,25511.86,19.86,38.47,TP
837,2026-01-14,11:06,LONG,-164.00,17.29,25517.50,25534.79,25491.57,25491.32,-26.18,-53.60,SL
838,2026-01-14,11:19,LONG,-164.00,14.39,25497.00,25511.39,25475.41,25511.14,14.14,27.05,TP
839,2026-01-15,09:49,SHORT,288.25,30.68,25918.00,25887.32,25964.02,25887.57,30.43,59.62,TP
840,2026-01-15,10:35,SHORT,288.25,22.61,25905.50,25882.89,25939.41,25883.14,22.36,43.47,TP
841,2026-01-15,11:04,SHORT,288.25,23.21,25910.00,25886.79,25944.82,25887.04,22.96,44.69,TP
842,2026-01-15,11:18,SHORT,288.25,13.09,25910.75,25897.66,25930.38,25930.63,-19.88,-41.01,SL
843,2026-01-19,09:46,LONG,-391.75,11.89,25240.00,25251.89,25222.16,25251.64,11.64,22.05,TP
844,2026-01-20,09:48,LONG,-155.25,40.16,25270.50,25310.66,25210.26,25310.41,39.91,78.58,TP
845,2026-01-20,10:09,LONG,-155.25,37.61,25270.50,25308.11,25214.09,25307.86,37.36,73.47,TP
846,2026-01-21,09:46,SHORT,53.75,35.45,25214.25,25178.80,25267.42,25267.67,-53.42,-108.08,SL
847,2026-01-21,09:57,SHORT,53.75,25.52,25298.75,25273.23,25337.03,25337.28,-38.53,-78.29,SL
848,2026-01-21,10:03,SHORT,53.75,22.29,25333.00,25310.71,25366.43,25310.96,22.04,42.83,TP
849,2026-01-21,10:15,SHORT,53.75,19.52,25328.00,25308.48,25357.28,25357.53,-29.53,-60.29,SL
850,2026-01-21,10:21,SHORT,53.75,21.91,25332.00,25310.09,25364.87,25365.12,-33.12,-67.47,SL
851,2026-01-21,10:30,SHORT,53.75,23.09,25379.50,25356.41,25414.13,25414.38,-34.88,-71.01,SL
852,2026-01-21,10:38,SHORT,53.75,18.82,25435.75,25416.93,25463.98,25464.23,-28.48,-58.20,SL
853,2026-01-21,10:50,SHORT,53.75,14.46,25470.00,25455.54,25491.70,25455.79,14.21,27.19,TP
854,2026-01-21,11:10,SHORT,53.75,12.45,25455.50,25443.05,25474.17,25474.42,-18.92,-39.08,SL
855,2026-01-21,11:16,SHORT,53.75,15.48,25459.00,25443.52,25482.22,25443.77,15.23,29.22,TP
856,2026-01-22,10:46,SHORT,258.25,14.59,25651.75,25637.16,25673.63,25637.41,14.34,27.44,TP
857,2026-01-22,11:15,SHORT,258.25,14.29,25653.25,25638.96,25674.68,25674.93,-21.68,-44.60,SL
858,2026-01-22,11:27,SHORT,258.25,12.00,25677.25,25665.25,25695.25,25665.50,11.75,22.26,TP
859,2026-01-23,09:48,LONG,-54.50,28.29,25587.75,25616.04,25545.32,25615.79,28.04,54.83,TP
860,2026-01-26,09:46,SHORT,13.50,23.16,25825.75,25802.59,25860.49,25802.84,22.91,44.58,TP
861,2026-01-26,09:54,SHORT,13.50,20.79,25839.50,25818.71,25870.68,25818.96,20.54,39.83,TP
862,2026-01-26,09:59,SHORT,13.50,17.05,25844.75,25827.70,25870.33,25827.95,16.80,32.37,TP
863,2026-01-26,10:06,SHORT,13.50,15.68,25838.25,25822.57,25861.77,25822.82,15.43,29.62,TP
864,2026-01-26,10:15,SHORT,13.50,14.48,25838.50,25824.02,25860.22,25860.47,-21.97,-45.19,SL
865,2026-01-26,10:22,SHORT,13.50,15.34,25883.00,25867.66,25906.01,25867.91,15.09,28.94,TP
866,2026-01-26,10:33,SHORT,13.50,14.00,25856.75,25842.75,25877.75,25878.00,-21.25,-43.74,SL
867,2026-01-26,10:47,SHORT,13.50,14.23,25868.00,25853.77,25889.35,25889.60,-21.60,-44.44,SL
868,2026-01-26,10:57,SHORT,13.50,12.27,25891.50,25879.23,25909.90,25879.48,12.02,22.80,TP
869,2026-01-26,11:02,SHORT,13.50,11.88,25885.25,25873.38,25903.06,25873.62,11.62,22.01,TP
870,2026-01-26,11:22,SHORT,13.50,11.75,25878.00,25866.25,25895.62,25895.88,-17.88,-36.99,SL
871,2026-01-26,11:30,SHORT,13.50,12.91,25905.75,25892.84,25925.12,25925.37,-19.62,-40.47,SL
872,2026-01-27,09:51,SHORT,138.25,18.80,25993.00,25974.20,26021.21,26021.46,-28.46,-58.15,SL
873,2026-01-27,09:58,SHORT,138.25,17.41,26045.00,26027.59,26071.12,26027.84,17.16,33.08,TP
874,2026-01-27,10:10,SHORT,138.25,16.23,26066.00,26049.77,26090.35,26050.02,15.98,30.72,TP
875,2026-01-27,10:31,SHORT,138.25,11.75,26052.00,26040.25,26069.62,26069.88,-17.88,-36.99,SL
876,2026-01-27,10:39,SHORT,138.25,10.71,26090.25,26079.54,26106.32,26079.79,10.46,19.69,TP
877,2026-01-27,10:44,SHORT,138.25,10.00,26084.75,26074.75,26099.75,26075.00,9.75,18.26,TP
878,2026-01-27,10:55,SHORT,138.25,8.80,26071.25,26062.45,26084.46,26084.71,-13.46,-28.15,SL
879,2026-01-27,11:05,SHORT,138.25,8.82,26085.75,26076.93,26098.98,26099.23,-13.48,-28.20,SL
880,2026-01-27,11:15,SHORT,138.25,7.93,26098.00,26090.07,26109.89,26090.32,7.68,14.12,TP
881,2026-01-28,09:46,SHORT,177.25,23.55,26291.00,26267.45,26326.33,26267.70,23.30,45.37,TP
882,2026-01-28,09:53,SHORT,177.25,21.20,26283.00,26261.80,26314.79,26262.05,20.95,40.65,TP
883,2026-01-29,09:46,LONG,-17.25,34.41,25952.00,25986.41,25900.38,25986.16,34.16,67.08,TP
884,2026-01-29,09:53,LONG,-17.25,36.95,25936.50,25973.45,25881.08,25880.83,-55.67,-112.58,SL
885,2026-01-29,10:04,LONG,-17.25,36.79,25764.50,25801.29,25709.32,25801.04,36.54,71.83,TP
886,2026-01-29,10:10,LONG,-17.25,35.77,25785.25,25821.02,25731.60,25820.77,35.52,69.80,TP
887,2026-01-29,10:16,LONG,-17.25,35.05,25749.25,25784.30,25696.67,25784.05,34.80,68.37,TP
888,2026-01-29,10:28,LONG,-17.25,35.45,25762.25,25797.70,25709.08,25708.83,-53.42,-108.08,SL
889,2026-01-29,10:36,LONG,-17.25,29.71,25697.50,25727.21,25652.93,25652.68,-44.82,-90.88,SL
890,2026-01-29,10:45,LONG,-17.25,27.30,25625.25,25652.55,25584.29,25584.04,-41.21,-83.65,SL
891,2026-01-29,10:55,LONG,-17.25,23.75,25545.00,25568.75,25509.38,25568.50,23.50,45.76,TP
892,2026-01-29,11:00,LONG,-17.25,26.05,25576.75,25602.80,25537.67,25602.55,25.80,50.37,TP
893,2026-01-30,09:46,LONG,-158.00,36.70,25858.25,25894.95,25803.21,25894.70,36.45,71.65,TP
894,2026-01-30,09:59,LONG,-158.00,33.20,25843.50,25876.70,25793.71,25876.45,32.95,64.65,TP
895,2026-01-30,10:27,LONG,-158.00,25.84,25826.25,25852.09,25787.49,25787.24,-39.01,-79.26,SL
896,2026-01-30,10:35,LONG,-158.00,26.98,25805.25,25832.23,25764.78,25831.98,26.73,52.22,TP
897,2026-01-30,11:06,LONG,-158.00,22.29,25825.75,25848.04,25792.32,25847.79,22.04,42.83,TP
898,2026-01-30,11:11,LONG,-158.00,22.66,25827.00,25849.66,25793.01,25849.41,22.41,43.58,TP
899,2026-01-30,11:17,LONG,-158.00,23.32,25809.25,25832.57,25774.27,25774.02,-35.23,-71.70,SL
900,2026-01-30,11:26,LONG,-158.00,22.84,25785.75,25808.59,25751.49,25808.34,22.59,43.94,TP
901,2026-02-04,09:53,LONG,-60.25,45.46,25277.75,25323.21,25209.55,25209.30,-68.45,-138.13,SL
902,2026-02-04,10:03,LONG,-60.25,39.66,25134.00,25173.66,25074.51,25173.41,39.41,77.58,TP
903,2026-02-04,10:34,LONG,-60.25,41.84,25189.25,25231.09,25126.49,25126.24,-63.01,-127.26,SL
904,2026-02-04,10:48,LONG,-60.25,44.29,25164.75,25209.04,25098.32,25098.07,-66.68,-134.60,SL
905,2026-02-04,11:07,LONG,-60.25,31.93,25091.75,25123.68,25043.86,25123.43,31.68,62.12,TP
906,2026-02-04,11:17,LONG,-60.25,28.38,25084.00,25112.38,25041.44,25112.12,28.12,55.01,TP
907,2026-02-04,11:29,LONG,-60.25,29.02,25119.75,25148.77,25076.22,25075.97,-43.78,-88.79,SL
908,2026-02-05,10:01,LONG,-227.00,50.18,24724.75,24774.93,24649.48,24649.23,-75.52,-152.28,SL
909,2026-02-05,10:13,LONG,-227.00,41.73,24598.50,24640.23,24535.90,24639.98,41.48,81.72,TP
910,2026-02-05,10:21,LONG,-227.00,38.30,24619.00,24657.30,24561.54,24657.05,38.05,74.87,TP
911,2026-02-05,10:27,LONG,-227.00,43.14,24569.50,24612.64,24504.79,24612.39,42.89,84.55,TP
912,2026-02-05,10:33,LONG,-227.00,42.82,24560.75,24603.57,24496.52,24603.32,42.57,83.90,TP
913,2026-02-05,10:47,LONG,-227.00,39.88,24599.75,24639.62,24539.94,24639.38,39.62,78.01,TP
914,2026-02-05,10:58,LONG,-227.00,38.00,24574.75,24612.75,24517.75,24612.50,37.75,74.26,TP
915,2026-02-05,11:05,LONG,-227.00,37.55,24585.75,24623.30,24529.42,24623.05,37.30,73.37,TP
916,2026-02-06,09:46,SHORT,120.75,47.62,24931.75,24884.12,25003.19,24884.38,47.38,93.51,TP
917,2026-02-06,10:34,SHORT,120.75,40.70,24917.75,24877.05,24978.79,24877.30,40.45,79.65,TP
918,2026-02-06,11:03,SHORT,120.75,29.43,24929.00,24899.57,24973.14,24973.39,-44.39,-90.03,SL
919,2026-02-06,11:11,SHORT,120.75,24.02,24991.00,24966.98,25027.03,25027.28,-36.28,-73.79,SL
920,2026-02-06,11:26,SHORT,120.75,17.38,24997.00,24979.62,25023.06,24979.88,17.12,33.01,TP
921,2026-02-10,09:55,SHORT,38.00,31.43,25367.00,25335.57,25414.14,25414.39,-47.39,-96.03,SL
922,2026-02-10,10:11,SHORT,38.00,18.02,25445.25,25427.23,25472.28,25427.48,17.77,34.30,TP
923,2026-02-10,10:19,SHORT,38.00,27.02,25412.50,25385.48,25453.03,25385.73,26.77,52.30,TP
924,2026-02-10,10:31,SHORT,38.00,23.98,25421.00,25397.02,25456.97,25397.27,23.73,46.22,TP
925,2026-02-10,10:47,SHORT,38.00,15.95,25422.75,25406.80,25446.67,25407.05,15.70,30.15,TP
926,2026-02-11,09:46,SHORT,199.50,39.38,25425.50,25386.12,25484.56,25386.38,39.12,77.01,TP
927,2026-02-16,09:46,LONG,-39.75,18.05,24704.75,24722.80,24677.67,24722.55,17.80,34.37,TP
928,2026-02-16,10:26,LONG,-39.75,13.12,24723.50,24736.62,24703.81,24703.56,-19.94,-41.12,SL
929,2026-02-16,10:36,LONG,-39.75,13.50,24690.25,24703.75,24670.00,24703.50,13.25,25.26,TP
930,2026-02-16,10:45,LONG,-39.75,13.16,24686.00,24699.16,24666.26,24698.91,12.91,24.58,TP
931,2026-02-16,10:57,LONG,-39.75,14.64,24697.00,24711.64,24675.04,24711.39,14.39,27.55,TP
932,2026-02-16,11:25,LONG,-39.75,11.00,24703.25,24714.25,24686.75,24714.00,10.75,20.26,TP
933,2026-02-17,09:46,LONG,-87.25,44.48,24667.75,24712.23,24601.03,24600.78,-66.97,-135.19,SL
934,2026-02-17,09:55,LONG,-87.25,48.89,24532.00,24580.89,24458.66,24580.64,48.64,96.05,TP
935,2026-02-17,10:31,LONG,-87.25,36.50,24506.75,24543.25,24452.00,24451.75,-55.00,-111.24,SL
936,2026-02-17,10:38,LONG,-87.25,32.82,24471.75,24504.57,24422.52,24504.32,32.57,63.90,TP
937,2026-02-18,09:46,SHORT,32.00,44.86,24874.00,24829.14,24941.29,24829.39,44.61,87.97,TP
938,2026-02-18,09:53,SHORT,32.00,40.12,24849.75,24809.62,24909.94,24910.19,-60.44,-122.11,SL
939,2026-02-18,10:01,SHORT,32.00,33.11,24954.25,24921.14,25003.91,25004.16,-49.91,-101.06,SL
940,2026-02-18,10:09,SHORT,32.00,23.14,25013.75,24990.61,25048.46,25048.71,-34.96,-71.17,SL
941,2026-02-18,10:20,SHORT,32.00,20.52,25052.25,25031.73,25083.03,25031.98,20.27,39.30,TP
942,2026-02-18,10:36,SHORT,32.00,15.71,25040.25,25024.54,25063.82,25064.07,-23.82,-48.88,SL
943,2026-02-18,10:45,SHORT,32.00,16.75,25064.50,25047.75,25089.62,25089.88,-25.38,-51.99,SL
944,2026-02-18,10:53,SHORT,32.00,16.39,25064.00,25047.61,25088.59,25088.84,-24.84,-50.92,SL
945,2026-02-18,11:00,SHORT,32.00,15.07,25086.25,25071.18,25108.86,25109.11,-22.86,-46.95,SL
946,2026-02-18,11:10,SHORT,32.00,12.07,25087.00,25074.93,25105.11,25105.36,-18.36,-37.95,SL
947,2026-02-18,11:20,SHORT,32.00,10.73,25086.50,25075.77,25102.60,25102.85,-16.35,-33.94,SL
948,2026-02-18,11:30,SHORT,32.00,11.38,25093.75,25082.38,25110.81,25111.06,-17.31,-35.87,SL
949,2026-02-19,09:46,LONG,-123.50,39.64,24778.75,24818.39,24719.29,24818.14,39.39,77.55,TP
950,2026-02-23,09:46,LONG,-93.00,39.38,24868.50,24907.88,24809.44,24907.62,39.12,77.01,TP
951,2026-02-23,10:05,LONG,-93.00,29.68,24866.75,24896.43,24822.23,24896.18,29.43,57.62,TP
952,2026-02-23,10:15,LONG,-93.00,30.71,24874.50,24905.21,24828.43,24904.96,30.46,59.69,TP
953,2026-02-23,10:29,LONG,-93.00,24.04,24870.25,24894.29,24834.20,24894.04,23.79,46.33,TP
954,2026-02-23,10:38,LONG,-93.00,22.68,24863.00,24885.68,24828.98,24828.73,-34.27,-69.78,SL
955,2026-02-23,10:47,LONG,-93.00,20.48,24823.50,24843.98,24792.78,24843.73,20.23,39.22,TP
956,2026-02-23,10:52,LONG,-93.00,19.09,24822.50,24841.59,24793.87,24793.62,-28.88,-59.01,SL
957,2026-02-23,10:57,LONG,-93.00,20.91,24764.25,24785.16,24732.88,24732.63,-31.62,-64.47,SL
958,2026-02-23,11:06,LONG,-93.00,22.25,24696.75,24719.00,24663.38,24718.75,22.00,42.76,TP
959,2026-02-23,11:24,LONG,-93.00,19.62,24729.50,24749.12,24700.06,24748.88,19.38,37.51,TP
960,2026-02-24,09:46,SHORT,36.75,38.02,24921.50,24883.48,24978.53,24883.73,37.77,74.30,TP
961,2026-02-24,10:12,SHORT,36.75,33.09,24914.75,24881.66,24964.38,24881.91,32.84,64.44,TP
962,2026-02-24,10:22,SHORT,36.75,27.91,24919.50,24891.59,24961.37,24961.62,-42.12,-85.47,SL
963,2026-02-24,10:31,SHORT,36.75,24.20,25016.25,24992.05,25052.54,24992.30,23.95,46.65,TP
964,2026-02-24,10:40,SHORT,36.75,20.45,25000.25,24979.80,25030.92,25031.17,-30.92,-63.08,SL
965,2026-02-24,10:49,SHORT,36.75,17.54,25010.00,24992.46,25036.30,24992.71,17.29,33.33,TP
966,2026-02-24,10:55,SHORT,36.75,15.75,24984.50,24968.75,25008.12,24969.00,15.50,29.76,TP
967,2026-02-24,11:01,SHORT,36.75,14.73,24984.75,24970.02,25006.85,25007.10,-22.35,-45.94,SL
968,2026-02-24,11:07,SHORT,36.75,17.16,25012.25,24995.09,25037.99,25038.24,-25.99,-53.22,SL
969,2026-02-24,11:18,SHORT,36.75,15.57,25016.00,25000.43,25039.36,25000.68,15.32,29.40,TP
970,2026-02-24,11:25,SHORT,36.75,15.52,25010.00,24994.48,25033.28,24994.73,15.27,29.30,TP
971,2026-02-25,09:46,SHORT,130.50,24.29,25298.25,25273.96,25334.68,25334.93,-36.68,-74.60,SL
972,2026-02-25,09:56,SHORT,130.50,20.07,25334.50,25314.43,25364.61,25314.68,19.82,38.40,TP
973,2026-02-25,10:01,SHORT,130.50,19.59,25342.75,25323.16,25372.13,25323.41,19.34,37.44,TP
974,2026-02-25,10:33,SHORT,130.50,15.80,25336.75,25320.95,25360.46,25321.20,15.55,29.87,TP
975,2026-02-26,09:46,LONG,-42.75,36.07,25230.75,25266.82,25176.64,25176.39,-54.36,-109.95,SL
976,2026-02-26,10:05,LONG,-42.75,27.36,25174.25,25201.61,25133.21,25132.96,-41.29,-83.81,SL
977,2026-02-26,10:17,LONG,-42.75,29.04,24994.50,25023.54,24950.95,24950.70,-43.80,-88.85,SL
978,2026-02-26,10:24,LONG,-42.75,34.50,24941.50,24976.00,24889.75,24889.50,-52.00,-105.24,SL
979,2026-02-26,10:33,LONG,-42.75,38.54,24899.00,24937.54,24841.20,24937.29,38.29,75.33,TP
980,2026-03-03,09:49,LONG,-487.50,50.09,24523.75,24573.84,24448.62,24448.37,-75.38,-152.01,SL
981,2026-03-03,10:22,LONG,-487.50,32.82,24403.50,24436.32,24354.27,24354.02,-49.48,-100.20,SL
982,2026-03-03,10:33,LONG,-487.50,29.54,24413.75,24443.29,24369.45,24443.04,29.29,57.33,TP
983,2026-03-03,10:44,LONG,-487.50,35.20,24414.25,24449.45,24361.46,24449.20,34.95,68.65,TP
984,2026-03-03,10:51,LONG,-487.50,32.64,24399.50,24432.14,24350.54,24431.89,32.39,63.55,TP
985,2026-03-03,10:57,LONG,-487.50,32.73,24404.25,24436.98,24355.15,24436.73,32.48,63.72,TP
986,2026-03-04,09:54,SHORT,96.00,36.20,24931.50,24895.30,24985.79,24895.55,35.95,70.65,TP
987,2026-03-04,10:07,SHORT,96.00,34.61,24956.25,24921.64,25008.16,25008.41,-52.16,-105.56,SL
988,2026-03-04,10:18,SHORT,96.00,27.48,25007.25,24979.77,25048.47,25048.72,-41.47,-84.19,SL
989,2026-03-04,10:25,SHORT,96.00,24.46,25090.50,25066.04,25127.20,25127.45,-36.95,-75.13,SL
990,2026-03-04,10:32,SHORT,96.00,21.73,25140.25,25118.52,25172.85,25118.77,21.48,41.72,TP
991,2026-03-04,10:38,SHORT,96.00,19.14,25115.50,25096.36,25144.21,25096.61,18.89,36.55,TP
992,2026-03-04,10:51,SHORT,96.00,20.86,25075.50,25054.64,25106.79,25054.89,20.61,39.97,TP
993,2026-03-04,10:57,SHORT,96.00,21.59,25101.75,25080.16,25134.13,25134.38,-32.63,-66.51,SL
994,2026-03-04,11:05,SHORT,96.00,19.46,25139.25,25119.79,25168.45,25120.04,19.21,37.19,TP
995,2026-03-04,11:10,SHORT,96.00,17.59,25110.00,25092.41,25136.38,25092.66,17.34,33.44,TP
996,2026-03-04,11:27,SHORT,96.00,20.04,25100.00,25079.96,25130.05,25130.30,-30.30,-61.85,SL
997,2026-03-05,09:46,LONG,-132.25,32.73,25045.50,25078.23,24996.40,25077.98,32.48,63.72,TP
998,2026-03-05,10:23,LONG,-132.25,29.07,25065.50,25094.57,25021.89,25021.64,-43.86,-88.95,SL
999,2026-03-05,10:30,LONG,-132.25,28.20,25012.00,25040.20,24969.71,24969.46,-42.54,-86.33,SL
1000,2026-03-05,10:35,LONG,-132.25,29.52,24975.00,25004.52,24930.72,25004.27,29.27,57.30,TP
1001,2026-03-05,11:09,LONG,-132.25,22.82,25009.25,25032.07,24975.02,24974.77,-34.48,-70.20,SL
1002,2026-03-05,11:16,LONG,-132.25,24.98,24970.25,24995.23,24932.78,24994.98,24.73,48.22,TP
1003,2026-03-05,11:27,LONG,-132.25,31.52,24988.50,25020.02,24941.22,25019.77,31.27,61.30,TP
1004,2026-03-06,09:59,LONG,-362.75,34.04,24646.75,24680.79,24595.70,24680.54,33.79,66.33,TP
1005,2026-03-09,09:46,LONG,-234.75,37.88,24352.75,24390.62,24295.94,24390.38,37.62,74.01,TP
1006,2026-03-09,09:51,LONG,-234.75,39.57,24343.75,24383.32,24284.39,24383.07,39.32,77.40,TP
1007,2026-03-09,10:12,LONG,-234.75,39.45,24330.50,24369.95,24271.33,24369.70,39.20,77.15,TP
1008,2026-03-11,09:59,SHORT,49.25,27.52,25098.75,25071.23,25140.03,25140.28,-41.53,-84.29,SL
1009,2026-03-11,10:05,SHORT,49.25,33.75,25122.25,25088.50,25172.88,25088.75,33.50,65.76,TP
1010,2026-03-12,09:46,LONG,-208.25,28.93,24729.50,24758.43,24686.11,24685.86,-43.64,-88.53,SL
1011,2026-03-12,09:52,LONG,-208.25,27.95,24728.25,24756.20,24686.33,24686.08,-42.17,-85.58,SL
1012,2026-03-12,09:58,LONG,-208.25,27.38,24656.75,24684.12,24615.69,24683.88,27.12,53.01,TP
1013,2026-03-12,10:19,LONG,-208.25,24.64,24684.25,24708.89,24647.29,24647.04,-37.21,-75.67,SL
1014,2026-03-12,10:33,LONG,-208.25,18.50,24611.50,24630.00,24583.75,24629.75,18.25,35.26,TP
1015,2026-03-12,10:41,LONG,-208.25,21.70,24605.00,24626.70,24572.46,24626.45,21.45,41.65,TP
1016,2026-03-12,10:50,LONG,-208.25,32.12,24614.75,24646.88,24566.56,24566.31,-48.44,-98.11,SL
1017,2026-03-12,11:18,LONG,-208.25,17.77,24595.00,24612.77,24568.35,24612.52,17.52,33.80,TP
1018,2026-03-13,09:46,SHORT,89.75,31.73,24795.00,24763.27,24842.60,24763.52,31.48,61.72,TP
1019,2026-03-13,09:54,SHORT,89.75,27.52,24788.00,24760.48,24829.28,24760.73,27.27,53.30,TP
1020,2026-03-16,09:46,SHORT,471.00,23.96,24937.00,24913.04,24972.95,24913.29,23.71,46.19,TP
1021,2026-03-16,09:57,SHORT,471.00,23.71,24931.25,24907.54,24966.82,24967.07,-35.82,-72.88,SL
1022,2026-03-16,10:15,SHORT,471.00,19.50,24949.75,24930.25,24979.00,24979.25,-29.50,-60.24,SL
1023,2026-03-16,10:26,SHORT,471.00,17.55,24958.25,24940.70,24984.58,24940.95,17.30,33.37,TP
1024,2026-03-16,11:25,SHORT,471.00,14.25,24945.00,24930.75,24966.38,24931.00,14.00,26.76,TP
1025,2026-03-17,09:46,SHORT,116.25,22.50,25085.25,25062.75,25119.00,25063.00,22.25,43.26,TP
1026,2026-03-17,10:49,SHORT,116.25,15.93,25088.25,25072.32,25112.14,25072.57,15.68,30.12,TP
1027,2026-03-17,10:57,SHORT,116.25,12.73,25088.00,25075.27,25107.10,25075.52,12.48,23.72,TP
1028,2026-03-18,10:03,LONG,-81.50,23.61,24926.25,24949.86,24890.84,24949.61,23.36,45.47,TP
1029,2026-03-18,10:12,LONG,-81.50,26.43,24931.75,24958.18,24892.11,24891.86,-39.89,-81.03,SL
1030,2026-03-18,10:20,LONG,-81.50,22.96,24903.00,24925.96,24868.55,24868.30,-34.70,-70.63,SL
1031,2026-03-18,10:30,LONG,-81.50,19.25,24822.25,24841.50,24793.38,24841.25,19.00,36.76,TP
1032,2026-03-18,10:36,LONG,-81.50,21.41,24839.00,24860.41,24806.88,24860.16,21.16,41.08,TP
1033,2026-03-20,09:51,LONG,-86.75,31.96,24361.50,24393.46,24313.55,24313.30,-48.20,-97.63,SL
1034,2026-03-20,10:03,LONG,-86.75,26.91,24286.75,24313.66,24246.38,24313.41,26.66,52.08,TP
1035,2026-03-20,10:10,LONG,-86.75,27.66,24293.25,24320.91,24251.76,24251.51,-41.74,-84.72,SL
1036,2026-03-20,10:19,LONG,-86.75,26.95,24275.25,24302.20,24234.83,24301.95,26.70,52.15,TP
1037,2026-03-20,10:52,LONG,-86.75,19.29,24271.50,24290.79,24242.57,24242.32,-29.18,-59.60,SL
1038,2026-03-20,11:04,LONG,-86.75,28.38,24253.25,24281.62,24210.69,24281.38,28.12,55.01,TP
1039,2026-03-20,11:21,LONG,-86.75,20.23,24252.50,24272.73,24222.15,24272.48,19.98,38.72,TP
1040,2026-03-20,11:29,LONG,-86.75,28.18,24257.50,24285.68,24215.23,24285.43,27.93,54.62,TP
1041,2026-03-23,09:46,SHORT,380.25,47.21,24541.00,24493.79,24611.82,24612.07,-71.07,-143.38,SL
1042,2026-03-23,10:08,SHORT,380.25,33.39,24581.00,24547.61,24631.09,24631.34,-50.34,-101.92,SL
1043,2026-03-23,10:21,SHORT,380.25,27.25,24642.50,24615.25,24683.38,24683.62,-41.12,-83.49,SL
1044,2026-03-23,10:28,SHORT,380.25,22.16,24635.25,24613.09,24668.49,24613.34,21.91,42.58,TP
1045,2026-03-23,10:35,SHORT,380.25,22.70,24635.25,24612.55,24669.29,24612.80,22.45,43.65,TP
1046,2026-03-23,10:48,SHORT,380.25,26.64,24639.25,24612.61,24679.21,24612.86,26.39,51.55,TP
1047,2026-03-23,11:02,SHORT,380.25,23.91,24646.00,24622.09,24681.87,24682.12,-36.12,-73.47,SL
1048,2026-03-23,11:14,SHORT,380.25,21.96,24664.50,24642.54,24697.45,24642.79,21.71,42.19,TP
1049,2026-03-23,11:23,SHORT,380.25,18.20,24649.50,24631.30,24676.79,24631.55,17.95,34.65,TP
1050,2026-03-24,09:49,LONG,-143.25,40.46,24172.75,24213.21,24112.05,24212.96,40.21,79.19,TP
1051,2026-03-25,10:21,SHORT,211.50,27.20,24478.25,24451.05,24519.04,24451.30,26.95,52.65,TP
1052,2026-03-25,10:33,SHORT,211.50,28.89,24491.75,24462.86,24535.09,24463.11,28.64,56.05,TP
1053,2026-03-26,10:45,LONG,-216.25,27.02,24123.50,24150.52,24082.97,24082.72,-40.78,-82.79,SL
1054,2026-03-26,10:58,LONG,-216.25,28.14,24098.75,24126.89,24056.54,24126.64,27.89,54.55,TP
1055,2026-03-26,11:05,LONG,-216.25,24.71,24093.50,24118.21,24056.43,24117.96,24.46,47.69,TP
1056,2026-03-26,11:10,LONG,-216.25,23.48,24095.75,24119.23,24060.53,24118.98,23.23,45.22,TP
1057,2026-03-26,11:17,LONG,-216.25,20.32,24081.25,24101.57,24050.77,24101.32,20.07,38.90,TP
