entry_time,exit_time,dir,entry_price,exit_price,exit_type,pnl_pts,pnl_dollar,qty,costs,date
2025-03-27 15:23:00,2025-03-27 15:23:00,short,20144.0,20156.0,sl,-12.0,-26.240000000000002,1,2.24,2025-03-27
2025-03-27 15:26:00,2025-03-27 15:27:00,long,20162.0,20150.0,sl,-12.0,-26.240000000000002,1,2.24,2025-03-27
2025-03-27 16:14:00,2025-03-27 16:15:00,long,20100.5,20110.5,tp,10.0,17.759999999999998,1,2.24,2025-03-27
2025-03-27 16:36:00,2025-03-27 16:37:00,short,20077.5,20089.5,sl,-12.0,-26.240000000000002,1,2.24,2025-03-27
2025-03-28 15:34:00,2025-03-28 15:36:00,long,19622.25,19632.25,tp,10.0,17.759999999999998,1,2.24,2025-03-28
2025-03-28 15:47:00,2025-03-28 15:48:00,short,19594.25,19606.25,sl,-12.0,-26.240000000000002,1,2.24,2025-03-28
2025-03-31 16:11:00,2025-03-31 16:12:00,short,19183.0,19195.0,sl,-12.0,-26.240000000000002,1,2.24,2025-03-31
2025-03-31 16:24:00,2025-03-31 16:24:00,long,19230.75,19218.75,sl,-12.0,-26.240000000000002,1,2.24,2025-03-31
2025-03-31 16:58:00,2025-03-31 16:58:00,short,19222.25,19212.25,tp,10.0,17.759999999999998,1,2.24,2025-03-31
2025-04-01 16:29:00,2025-04-01 16:29:00,short,19549.0,19561.0,sl,-12.0,-26.240000000000002,1,2.24,2025-04-01
2025-04-01 16:56:00,2025-04-01 16:56:00,long,19572.25,19582.25,tp,10.0,17.759999999999998,1,2.24,2025-04-01
2025-04-02 15:51:00,2025-04-02 15:51:00,short,19632.75,19622.75,tp,10.0,17.759999999999998,1,2.24,2025-04-02
2025-04-02 16:02:00,2025-04-02 16:02:00,long,19673.5,19683.5,tp,10.0,17.759999999999998,1,2.24,2025-04-02
2025-04-03 15:19:00,2025-04-03 15:19:00,long,18846.25,18834.25,sl,-12.0,-26.240000000000002,1,2.24,2025-04-03
2025-04-03 16:39:00,2025-04-03 16:39:00,short,18895.0,18907.0,sl,-12.0,-26.240000000000002,1,2.24,2025-04-03
2025-04-03 16:43:00,2025-04-03 16:44:00,long,18955.0,18943.0,sl,-12.0,-26.240000000000002,1,2.24,2025-04-03
2025-04-03 16:47:00,2025-04-03 16:47:00,short,18901.5,18913.5,sl,-12.0,-26.240000000000002,1,2.24,2025-04-03
2025-04-04 15:04:00,2025-04-04 15:04:00,long,18014.5,18024.5,tp,10.0,17.759999999999998,1,2.24,2025-04-04
2025-04-04 15:33:00,2025-04-04 15:33:00,short,17927.0,17939.0,sl,-12.0,-26.240000000000002,1,2.24,2025-04-04
2025-04-04 15:53:00,2025-04-04 15:53:00,long,17976.0,17964.0,sl,-12.0,-26.240000000000002,1,2.24,2025-04-04
2025-04-04 15:56:00,2025-04-04 15:56:00,long,17988.25,17976.25,sl,-12.0,-26.240000000000002,1,2.24,2025-04-04
2025-04-07 15:15:00,2025-04-07 15:15:00,short,17288.5,17300.5,sl,-12.0,-26.240000000000002,1,2.24,2025-04-07
2025-04-07 15:43:00,2025-04-07 15:43:00,long,17468.5,17478.5,tp,10.0,17.759999999999998,1,2.24,2025-04-07
2025-04-07 16:02:00,2025-04-07 16:02:00,short,17343.5,17333.5,tp,10.0,17.759999999999998,1,2.24,2025-04-07
2025-04-07 16:29:00,2025-04-07 16:29:00,long,17392.25,17380.25,sl,-12.0,-26.240000000000002,1,2.24,2025-04-07
2025-04-08 15:44:00,2025-04-08 15:44:00,long,18108.75,18096.75,sl,-12.0,-26.240000000000002,1,2.24,2025-04-08
2025-04-08 15:50:00,2025-04-08 15:50:00,short,18016.75,18028.75,sl,-12.0,-26.240000000000002,1,2.24,2025-04-08
2025-04-09 15:16:00,2025-04-09 15:16:00,long,17423.5,17433.5,tp,10.0,17.759999999999998,1,2.24,2025-04-09
2025-04-09 15:36:00,2025-04-09 15:36:00,short,17328.0,17340.0,sl,-12.0,-26.240000000000002,1,2.24,2025-04-09
2025-04-09 15:53:00,2025-04-09 15:53:00,long,17387.0,17397.0,tp,10.0,17.759999999999998,1,2.24,2025-04-09
2025-04-09 16:11:00,2025-04-09 16:11:00,long,17393.5,17403.5,tp,10.0,17.759999999999998,1,2.24,2025-04-09
2025-04-10 16:42:00,2025-04-10 16:42:00,long,18198.5,18186.5,sl,-12.0,-26.240000000000002,1,2.24,2025-04-10
2025-04-11 15:04:00,2025-04-11 15:04:00,short,18383.75,18395.75,sl,-12.0,-26.240000000000002,1,2.24,2025-04-11
2025-04-11 15:33:00,2025-04-11 15:33:00,long,18438.75,18448.75,tp,10.0,17.759999999999998,1,2.24,2025-04-11
2025-04-14 15:02:00,2025-04-14 15:03:00,short,19115.25,19105.25,tp,10.0,17.759999999999998,1,2.24,2025-04-14
2025-04-14 16:36:00,2025-04-14 16:36:00,long,18880.5,18890.5,tp,10.0,17.759999999999998,1,2.24,2025-04-14
2025-04-14 16:53:00,2025-04-14 16:53:00,short,18816.75,18806.75,tp,10.0,17.759999999999998,1,2.24,2025-04-14
2025-04-15 15:30:00,2025-04-15 15:30:00,short,19012.0,19024.0,sl,-12.0,-26.240000000000002,1,2.24,2025-04-15
2025-04-15 15:58:00,2025-04-15 15:58:00,long,19048.5,19036.5,sl,-12.0,-26.240000000000002,1,2.24,2025-04-15
2025-04-15 16:40:00,2025-04-15 16:41:00,short,19037.75,19027.75,tp,10.0,17.759999999999998,1,2.24,2025-04-15
2025-04-16 15:07:00,2025-04-16 15:07:00,short,18603.75,18615.75,sl,-12.0,-26.240000000000002,1,2.24,2025-04-16
2025-04-16 15:47:00,2025-04-16 15:47:00,short,18643.25,18633.25,tp,10.0,17.759999999999998,1,2.24,2025-04-16
2025-04-17 15:08:00,2025-04-17 15:08:00,long,18388.75,18398.75,tp,10.0,17.759999999999998,1,2.24,2025-04-17
2025-04-17 15:46:00,2025-04-17 15:46:00,short,18350.75,18340.75,tp,10.0,17.759999999999998,1,2.24,2025-04-17
2025-04-17 16:09:00,2025-04-17 16:09:00,long,18423.75,18411.75,sl,-12.0,-26.240000000000002,1,2.24,2025-04-17
2025-04-17 16:46:00,2025-04-17 16:46:00,short,18374.75,18386.75,sl,-12.0,-26.240000000000002,1,2.24,2025-04-17
2025-04-21 16:16:00,2025-04-21 16:18:00,long,17831.75,17819.75,sl,-12.0,-26.240000000000002,1,2.24,2025-04-21
2025-04-21 16:21:00,2025-04-21 16:21:00,long,17839.25,17827.25,sl,-12.0,-26.240000000000002,1,2.24,2025-04-21
2025-04-21 16:33:00,2025-04-21 16:34:00,long,17850.0,17838.0,sl,-12.0,-26.240000000000002,1,2.24,2025-04-21
2025-04-21 16:53:00,2025-04-21 16:53:00,short,17818.25,17808.25,tp,10.0,17.759999999999998,1,2.24,2025-04-21
2025-04-22 15:37:00,2025-04-22 15:40:00,short,18333.25,18323.25,tp,10.0,17.759999999999998,1,2.24,2025-04-22
2025-04-22 16:01:00,2025-04-22 16:01:00,long,18435.75,18445.75,tp,10.0,17.759999999999998,1,2.24,2025-04-22
2025-04-22 16:53:00,2025-04-22 16:53:00,short,18439.25,18451.25,sl,-12.0,-26.240000000000002,1,2.24,2025-04-22
2025-04-23 16:37:00,2025-04-23 16:37:00,long,18875.25,18885.25,tp,10.0,17.759999999999998,1,2.24,2025-04-23
2025-04-24 15:32:00,2025-04-24 15:32:00,short,19140.75,19130.75,tp,10.0,17.759999999999998,1,2.24,2025-04-24
2025-04-24 15:38:00,2025-04-24 15:38:00,long,19163.75,19173.75,tp,10.0,17.759999999999998,1,2.24,2025-04-24
2025-04-24 16:06:00,2025-04-24 16:07:00,short,19154.5,19144.5,tp,10.0,17.759999999999998,1,2.24,2025-04-24
2025-04-24 16:15:00,2025-04-24 16:16:00,long,19191.5,19201.5,tp,10.0,17.759999999999998,1,2.24,2025-04-24
2025-04-25 15:38:00,2025-04-25 15:38:00,short,19337.75,19327.75,tp,10.0,17.759999999999998,1,2.24,2025-04-25
2025-04-25 15:55:00,2025-04-25 15:55:00,long,19365.5,19353.5,sl,-12.0,-26.240000000000002,1,2.24,2025-04-25
2025-04-28 16:42:00,2025-04-28 16:43:00,long,19324.25,19312.25,sl,-12.0,-26.240000000000002,1,2.24,2025-04-28
2025-04-28 16:58:00,2025-04-28 17:00:00,short,19309.0,19321.0,sl,-12.0,-26.240000000000002,1,2.24,2025-04-28
2025-04-29 15:17:00,2025-04-29 15:17:00,short,19554.5,19544.5,tp,10.0,17.759999999999998,1,2.24,2025-04-29
2025-04-29 15:44:00,2025-04-29 15:44:00,long,19568.0,19578.0,tp,10.0,17.759999999999998,1,2.24,2025-04-29
2025-04-29 16:00:00,2025-04-29 16:00:00,short,19538.5,19550.5,sl,-12.0,-26.240000000000002,1,2.24,2025-04-29
2025-04-29 16:04:00,2025-04-29 16:06:00,long,19579.5,19589.5,tp,10.0,17.759999999999998,1,2.24,2025-04-29
2025-04-30 16:18:00,2025-04-30 16:18:00,short,19420.0,19432.0,sl,-12.0,-26.240000000000002,1,2.24,2025-04-30
2025-04-30 16:43:00,2025-04-30 16:43:00,long,19428.0,19416.0,sl,-12.0,-26.240000000000002,1,2.24,2025-04-30
2025-05-01 15:35:00,2025-05-01 15:35:00,short,20053.5,20043.5,tp,10.0,17.759999999999998,1,2.24,2025-05-01
2025-05-01 16:40:00,2025-05-01 16:40:00,long,19985.0,19973.0,sl,-12.0,-26.240000000000002,1,2.24,2025-05-01
2025-05-02 15:28:00,2025-05-02 15:30:00,short,20145.5,20135.5,tp,10.0,17.759999999999998,1,2.24,2025-05-02
2025-05-02 15:39:00,2025-05-02 15:44:00,long,20173.5,20183.5,tp,10.0,17.759999999999998,1,2.24,2025-05-02
2025-05-05 15:35:00,2025-05-05 15:37:00,short,20084.0,20074.0,tp,10.0,17.759999999999998,1,2.24,2025-05-05
2025-05-05 15:54:00,2025-05-05 16:02:00,long,20105.0,20115.0,tp,10.0,17.759999999999998,1,2.24,2025-05-05
2025-05-06 15:46:00,2025-05-06 15:46:00,short,19910.25,19900.25,tp,10.0,17.759999999999998,1,2.24,2025-05-06
2025-05-06 16:13:00,2025-05-06 16:13:00,long,19946.5,19956.5,tp,10.0,17.759999999999998,1,2.24,2025-05-06
2025-05-06 16:28:00,2025-05-06 16:28:00,short,19905.0,19917.0,sl,-12.0,-26.240000000000002,1,2.24,2025-05-06
2025-05-06 16:42:00,2025-05-06 16:42:00,long,19927.5,19915.5,sl,-12.0,-26.240000000000002,1,2.24,2025-05-06
2025-05-07 15:45:00,2025-05-07 15:47:00,long,19848.75,19836.75,sl,-12.0,-26.240000000000002,1,2.24,2025-05-07
2025-05-07 15:56:00,2025-05-07 15:57:00,long,19844.25,19854.25,tp,10.0,17.759999999999998,1,2.24,2025-05-07
2025-05-07 16:23:00,2025-05-07 16:25:00,short,19813.75,19825.75,sl,-12.0,-26.240000000000002,1,2.24,2025-05-07
2025-05-07 16:41:00,2025-05-07 16:42:00,long,19856.25,19866.25,tp,10.0,17.759999999999998,1,2.24,2025-05-07
2025-05-08 15:14:00,2025-05-08 15:14:00,long,20072.25,20082.25,tp,10.0,17.759999999999998,1,2.24,2025-05-08
2025-05-09 15:05:00,2025-05-09 15:08:00,long,20163.5,20173.5,tp,10.0,17.759999999999998,1,2.24,2025-05-09
2025-05-09 15:24:00,2025-05-09 15:25:00,short,20125.5,20115.5,tp,10.0,17.759999999999998,1,2.24,2025-05-09
2025-05-09 15:49:00,2025-05-09 15:49:00,long,20142.0,20130.0,sl,-12.0,-26.240000000000002,1,2.24,2025-05-09
2025-05-09 16:06:00,2025-05-09 16:06:00,short,20122.25,20112.25,tp,10.0,17.759999999999998,1,2.24,2025-05-09
2025-05-12 15:10:00,2025-05-12 15:11:00,short,20776.5,20788.5,sl,-12.0,-26.240000000000002,1,2.24,2025-05-12
2025-05-12 15:24:00,2025-05-12 15:24:00,short,20756.75,20768.75,sl,-12.0,-26.240000000000002,1,2.24,2025-05-12
2025-05-12 15:32:00,2025-05-12 15:35:00,long,20794.0,20804.0,tp,10.0,17.759999999999998,1,2.24,2025-05-12
2025-05-12 15:43:00,2025-05-12 15:44:00,short,20774.0,20786.0,sl,-12.0,-26.240000000000002,1,2.24,2025-05-12
2025-05-13 16:04:00,2025-05-13 16:13:00,short,21259.75,21271.75,sl,-12.0,-26.240000000000002,1,2.24,2025-05-13
2025-05-13 16:17:00,2025-05-13 16:17:00,long,21281.5,21269.5,sl,-12.0,-26.240000000000002,1,2.24,2025-05-13
2025-05-13 16:20:00,2025-05-13 16:24:00,short,21270.0,21282.0,sl,-12.0,-26.240000000000002,1,2.24,2025-05-13
2025-05-14 15:05:00,2025-05-14 15:05:00,short,21302.0,21292.0,tp,10.0,17.759999999999998,1,2.24,2025-05-14
2025-05-14 15:17:00,2025-05-14 15:18:00,long,21346.5,21334.5,sl,-12.0,-26.240000000000002,1,2.24,2025-05-14
2025-05-14 16:23:00,2025-05-14 16:26:00,short,21371.75,21383.75,sl,-12.0,-26.240000000000002,1,2.24,2025-05-14
2025-05-14 16:30:00,2025-05-14 16:32:00,long,21385.25,21395.25,tp,10.0,17.759999999999998,1,2.24,2025-05-14
2025-05-16 15:03:00,2025-05-16 15:03:00,long,21400.0,21388.0,sl,-12.0,-26.240000000000002,1,2.24,2025-05-16
2025-05-16 15:08:00,2025-05-16 15:09:00,long,21396.75,21384.75,sl,-12.0,-26.240000000000002,1,2.24,2025-05-16
2025-05-16 15:12:00,2025-05-16 15:17:00,long,21401.25,21389.25,sl,-12.0,-26.240000000000002,1,2.24,2025-05-16
2025-05-16 15:23:00,2025-05-16 15:25:00,short,21380.25,21392.25,sl,-12.0,-26.240000000000002,1,2.24,2025-05-16
2025-05-19 15:12:00,2025-05-19 15:13:00,long,21422.5,21410.5,sl,-12.0,-26.240000000000002,1,2.24,2025-05-19
2025-05-19 15:30:00,2025-05-19 15:30:00,short,21404.5,21416.5,sl,-12.0,-26.240000000000002,1,2.24,2025-05-19
2025-05-20 15:02:00,2025-05-20 15:03:00,short,21403.25,21415.25,sl,-12.0,-26.240000000000002,1,2.24,2025-05-20
2025-05-20 15:20:00,2025-05-20 15:23:00,long,21425.0,21413.0,sl,-12.0,-26.240000000000002,1,2.24,2025-05-20
2025-05-20 15:30:00,2025-05-20 15:33:00,long,21422.5,21410.5,sl,-12.0,-26.240000000000002,1,2.24,2025-05-20
2025-05-20 15:36:00,2025-05-20 15:41:00,short,21414.25,21404.25,tp,10.0,17.759999999999998,1,2.24,2025-05-20
2025-05-21 17:00:00,2025-05-21 17:00:00,short,21515.0,21522.75,session_close,-7.75,-17.740000000000002,1,2.24,2025-05-21
2025-05-22 15:06:00,2025-05-22 15:06:00,long,21247.5,21235.5,sl,-12.0,-26.240000000000002,1,2.24,2025-05-22
2025-05-22 15:17:00,2025-05-22 15:18:00,short,21214.25,21204.25,tp,10.0,17.759999999999998,1,2.24,2025-05-22
2025-05-22 15:22:00,2025-05-22 15:24:00,long,21256.5,21266.5,tp,10.0,17.759999999999998,1,2.24,2025-05-22
2025-05-22 15:32:00,2025-05-22 15:33:00,short,21221.5,21233.5,sl,-12.0,-26.240000000000002,1,2.24,2025-05-22
2025-05-23 15:23:00,2025-05-23 15:23:00,long,20962.25,20950.25,sl,-12.0,-26.240000000000002,1,2.24,2025-05-23
2025-05-23 15:56:00,2025-05-23 15:58:00,short,20945.0,20957.0,sl,-12.0,-26.240000000000002,1,2.24,2025-05-23
2025-05-23 16:23:00,2025-05-23 16:25:00,long,20968.5,20978.5,tp,10.0,17.759999999999998,1,2.24,2025-05-23
2025-05-26 15:25:00,2025-05-26 15:29:00,long,21239.25,21249.25,tp,10.0,17.759999999999998,1,2.24,2025-05-26
2025-05-26 16:34:00,2025-05-26 16:42:00,short,21269.0,21281.0,sl,-12.0,-26.240000000000002,1,2.24,2025-05-26
2025-05-27 15:02:00,2025-05-27 15:11:00,short,21364.75,21376.75,sl,-12.0,-26.240000000000002,1,2.24,2025-05-27
2025-05-28 15:07:00,2025-05-28 15:08:00,long,21464.25,21452.25,sl,-12.0,-26.240000000000002,1,2.24,2025-05-28
2025-05-28 15:15:00,2025-05-28 15:15:00,short,21438.0,21450.0,sl,-12.0,-26.240000000000002,1,2.24,2025-05-28
2025-05-28 15:19:00,2025-05-28 15:21:00,long,21458.75,21468.75,tp,10.0,17.759999999999998,1,2.24,2025-05-28
2025-05-28 15:37:00,2025-05-28 15:41:00,short,21447.25,21459.25,sl,-12.0,-26.240000000000002,1,2.24,2025-05-28
2025-05-29 15:17:00,2025-05-29 15:17:00,short,21473.5,21463.5,tp,10.0,17.759999999999998,1,2.24,2025-05-29
2025-05-29 15:27:00,2025-05-29 15:28:00,long,21497.5,21507.5,tp,10.0,17.759999999999998,1,2.24,2025-05-29
2025-05-29 15:33:00,2025-05-29 15:34:00,short,21446.75,21436.75,tp,10.0,17.759999999999998,1,2.24,2025-05-29
2025-05-29 16:21:00,2025-05-29 16:22:00,long,21424.0,21412.0,sl,-12.0,-26.240000000000002,1,2.24,2025-05-29
2025-05-30 15:30:00,2025-05-30 15:31:00,long,21368.25,21378.25,tp,10.0,17.759999999999998,1,2.24,2025-05-30
2025-05-30 15:34:00,2025-05-30 15:34:00,short,21332.0,21322.0,tp,10.0,17.759999999999998,1,2.24,2025-05-30
2025-06-02 15:28:00,2025-06-02 15:30:00,short,21363.0,21375.0,sl,-12.0,-26.240000000000002,1,2.24,2025-06-02
2025-06-02 15:43:00,2025-06-02 15:43:00,long,21385.0,21395.0,tp,10.0,17.759999999999998,1,2.24,2025-06-02
2025-06-02 16:44:00,2025-06-02 16:44:00,short,21417.5,21407.5,tp,10.0,17.759999999999998,1,2.24,2025-06-02
2025-06-02 16:54:00,2025-06-02 16:54:00,long,21439.5,21449.5,tp,10.0,17.759999999999998,1,2.24,2025-06-02
2025-06-04 15:32:00,2025-06-04 15:32:00,short,21747.75,21759.75,sl,-12.0,-26.240000000000002,1,2.24,2025-06-04
2025-06-04 15:40:00,2025-06-04 15:43:00,long,21764.75,21774.75,tp,10.0,17.759999999999998,1,2.24,2025-06-04
2025-06-04 16:48:00,2025-06-04 16:56:00,long,21744.5,21754.5,tp,10.0,17.759999999999998,1,2.24,2025-06-04
2025-06-05 16:11:00,2025-06-05 16:12:00,short,21890.0,21880.0,tp,10.0,17.759999999999998,1,2.24,2025-06-05
2025-06-06 15:19:00,2025-06-06 15:19:00,short,21777.5,21767.5,tp,10.0,17.759999999999998,1,2.24,2025-06-06
2025-06-06 15:50:00,2025-06-06 15:50:00,long,21815.0,21825.0,tp,10.0,17.759999999999998,1,2.24,2025-06-06
2025-06-06 16:23:00,2025-06-06 16:24:00,short,21796.5,21786.5,tp,10.0,17.759999999999998,1,2.24,2025-06-06
2025-06-09 15:07:00,2025-06-09 15:13:00,long,21858.75,21868.75,tp,10.0,17.759999999999998,1,2.24,2025-06-09
2025-06-09 15:18:00,2025-06-09 15:19:00,short,21846.0,21836.0,tp,10.0,17.759999999999998,1,2.24,2025-06-09
2025-06-09 15:55:00,2025-06-09 16:01:00,long,21841.75,21829.75,sl,-12.0,-26.240000000000002,1,2.24,2025-06-09
2025-06-09 16:09:00,2025-06-09 16:14:00,short,21821.75,21833.75,sl,-12.0,-26.240000000000002,1,2.24,2025-06-09
2025-06-10 15:18:00,2025-06-10 15:23:00,long,21873.5,21861.5,sl,-12.0,-26.240000000000002,1,2.24,2025-06-10
2025-06-10 15:28:00,2025-06-10 15:30:00,short,21860.5,21850.5,tp,10.0,17.759999999999998,1,2.24,2025-06-10
2025-06-10 15:51:00,2025-06-10 15:53:00,long,21860.75,21870.75,tp,10.0,17.759999999999998,1,2.24,2025-06-10
2025-06-11 15:11:00,2025-06-11 15:13:00,short,22021.25,22033.25,sl,-12.0,-26.240000000000002,1,2.24,2025-06-11
2025-06-11 16:35:00,2025-06-11 16:35:00,long,21982.5,21970.5,sl,-12.0,-26.240000000000002,1,2.24,2025-06-11
2025-06-11 16:42:00,2025-06-11 16:43:00,short,21961.25,21973.25,sl,-12.0,-26.240000000000002,1,2.24,2025-06-11
2025-06-11 16:49:00,2025-06-11 16:53:00,long,21980.75,21968.75,sl,-12.0,-26.240000000000002,1,2.24,2025-06-11
2025-06-12 15:20:00,2025-06-12 15:22:00,short,21924.25,21914.25,tp,10.0,17.759999999999998,1,2.24,2025-06-12
2025-06-12 16:01:00,2025-06-12 16:04:00,long,21934.5,21922.5,sl,-12.0,-26.240000000000002,1,2.24,2025-06-12
2025-06-12 16:55:00,2025-06-12 17:00:00,short,21927.75,21917.75,tp,10.0,17.759999999999998,1,2.24,2025-06-12
2025-06-13 16:35:00,2025-06-13 16:36:00,short,21830.0,21820.0,tp,10.0,17.759999999999998,1,2.24,2025-06-13
2025-06-13 16:57:00,2025-06-13 16:58:00,long,21842.25,21830.25,sl,-12.0,-26.240000000000002,1,2.24,2025-06-13
2025-06-16 15:33:00,2025-06-16 15:37:00,short,22187.25,22199.25,sl,-12.0,-26.240000000000002,1,2.24,2025-06-16
2025-06-16 15:47:00,2025-06-16 15:51:00,long,22203.75,22191.75,sl,-12.0,-26.240000000000002,1,2.24,2025-06-16
2025-06-16 16:19:00,2025-06-16 16:24:00,long,22191.25,22179.25,sl,-12.0,-26.240000000000002,1,2.24,2025-06-16
2025-06-16 16:57:00,2025-06-16 16:58:00,long,22175.0,22163.0,sl,-12.0,-26.240000000000002,1,2.24,2025-06-16
2025-06-17 15:08:00,2025-06-17 15:11:00,long,22109.0,22119.0,tp,10.0,17.759999999999998,1,2.24,2025-06-17
2025-06-17 15:29:00,2025-06-17 15:31:00,short,22092.75,22082.75,tp,10.0,17.759999999999998,1,2.24,2025-06-17
2025-06-17 15:43:00,2025-06-17 15:48:00,long,22113.0,22101.0,sl,-12.0,-26.240000000000002,1,2.24,2025-06-17
2025-06-17 16:30:00,2025-06-17 16:33:00,short,22108.5,22120.5,sl,-12.0,-26.240000000000002,1,2.24,2025-06-17
2025-06-18 15:10:00,2025-06-18 15:20:00,short,22059.5,22049.5,tp,10.0,17.759999999999998,1,2.24,2025-06-18
2025-06-18 15:52:00,2025-06-18 15:57:00,long,22069.0,22057.0,sl,-12.0,-26.240000000000002,1,2.24,2025-06-18
2025-06-18 16:00:00,2025-06-18 16:00:00,short,22038.5,22028.5,tp,10.0,17.759999999999998,1,2.24,2025-06-18
2025-06-19 15:27:00,2025-06-19 15:30:00,short,21711.0,21723.0,sl,-12.0,-26.240000000000002,1,2.24,2025-06-19
2025-06-19 15:50:00,2025-06-19 15:51:00,long,21716.75,21704.75,sl,-12.0,-26.240000000000002,1,2.24,2025-06-19
2025-06-19 16:10:00,2025-06-19 16:21:00,long,21712.0,21722.0,tp,10.0,17.759999999999998,1,2.24,2025-06-19
2025-06-19 16:56:00,2025-06-19 16:59:00,short,21711.75,21701.75,tp,10.0,17.759999999999998,1,2.24,2025-06-19
2025-06-20 15:22:00,2025-06-20 15:22:00,long,21861.25,21849.25,sl,-12.0,-26.240000000000002,1,2.24,2025-06-20
2025-06-20 15:57:00,2025-06-20 15:58:00,short,21852.25,21842.25,tp,10.0,17.759999999999998,1,2.24,2025-06-20
2025-06-20 16:33:00,2025-06-20 16:35:00,long,21870.5,21880.5,tp,10.0,17.759999999999998,1,2.24,2025-06-20
2025-06-23 15:07:00,2025-06-23 15:15:00,long,21995.25,22005.25,tp,10.0,17.759999999999998,1,2.24,2025-06-23
2025-06-23 15:26:00,2025-06-23 15:27:00,short,21972.25,21962.25,tp,10.0,17.759999999999998,1,2.24,2025-06-23
2025-06-24 16:01:00,2025-06-24 16:03:00,short,22361.25,22373.25,sl,-12.0,-26.240000000000002,1,2.24,2025-06-24
2025-06-25 16:57:00,2025-06-25 17:00:00,long,22443.5,22446.0,session_close,2.5,2.76,1,2.24,2025-06-25
2025-06-26 15:31:00,2025-06-26 15:33:00,short,22560.25,22572.25,sl,-12.0,-26.240000000000002,1,2.24,2025-06-26
2025-06-26 15:40:00,2025-06-26 15:46:00,long,22597.75,22607.75,tp,10.0,17.759999999999998,1,2.24,2025-06-26
2025-06-26 16:37:00,2025-06-26 17:00:00,short,22605.0,22598.5,session_close,6.5,10.76,1,2.24,2025-06-26
2025-06-27 15:23:00,2025-06-27 15:31:00,long,22788.5,22798.5,tp,10.0,17.759999999999998,1,2.24,2025-06-27
2025-06-27 16:12:00,2025-06-27 16:16:00,short,22801.0,22791.0,tp,10.0,17.759999999999998,1,2.24,2025-06-27
2025-06-27 17:00:00,2025-06-27 17:00:00,long,22795.5,22783.5,sl,-12.0,-26.240000000000002,1,2.24,2025-06-27
2025-06-30 15:06:00,2025-06-30 15:11:00,long,22836.5,22824.5,sl,-12.0,-26.240000000000002,1,2.24,2025-06-30
2025-06-30 15:14:00,2025-06-30 15:18:00,short,22811.25,22801.25,tp,10.0,17.759999999999998,1,2.24,2025-06-30
2025-06-30 15:35:00,2025-06-30 15:44:00,long,22837.0,22847.0,tp,10.0,17.759999999999998,1,2.24,2025-06-30
2025-06-30 16:22:00,2025-06-30 16:35:00,short,22838.75,22850.75,sl,-12.0,-26.240000000000002,1,2.24,2025-06-30
2025-07-01 15:32:00,2025-07-01 15:32:00,long,22691.25,22679.25,sl,-12.0,-26.240000000000002,1,2.24,2025-07-01
2025-07-01 15:40:00,2025-07-01 15:40:00,short,22653.25,22643.25,tp,10.0,17.759999999999998,1,2.24,2025-07-01
2025-07-01 16:13:00,2025-07-01 16:14:00,long,22684.75,22694.75,tp,10.0,17.759999999999998,1,2.24,2025-07-01
2025-07-02 15:29:00,2025-07-02 15:32:00,short,22804.25,22816.25,sl,-12.0,-26.240000000000002,1,2.24,2025-07-02
2025-07-02 15:38:00,2025-07-02 15:38:00,long,22824.5,22812.5,sl,-12.0,-26.240000000000002,1,2.24,2025-07-02
2025-07-02 15:49:00,2025-07-02 16:02:00,long,22822.5,22810.5,sl,-12.0,-26.240000000000002,1,2.24,2025-07-02
2025-07-02 16:06:00,2025-07-02 16:08:00,long,22821.5,22831.5,tp,10.0,17.759999999999998,1,2.24,2025-07-02
2025-07-03 16:21:00,2025-07-03 16:30:00,short,23077.5,23067.5,tp,10.0,17.759999999999998,1,2.24,2025-07-03
2025-07-04 15:12:00,2025-07-04 15:17:00,short,22930.25,22920.25,tp,10.0,17.759999999999998,1,2.24,2025-07-04
2025-07-04 15:35:00,2025-07-04 16:19:00,long,22933.75,22921.75,sl,-12.0,-26.240000000000002,1,2.24,2025-07-04
2025-07-07 15:28:00,2025-07-07 15:31:00,long,22918.25,22928.25,tp,10.0,17.759999999999998,1,2.24,2025-07-07
2025-07-07 15:50:00,2025-07-07 15:56:00,short,22911.75,22923.75,sl,-12.0,-26.240000000000002,1,2.24,2025-07-07
2025-07-07 16:22:00,2025-07-07 16:22:00,short,22852.75,22842.75,tp,10.0,17.759999999999998,1,2.24,2025-07-07
2025-07-08 15:07:00,2025-07-08 15:16:00,long,22909.75,22897.75,sl,-12.0,-26.240000000000002,1,2.24,2025-07-08
2025-07-08 15:21:00,2025-07-08 15:21:00,short,22880.75,22870.75,tp,10.0,17.759999999999998,1,2.24,2025-07-08
2025-07-08 15:47:00,2025-07-08 15:51:00,long,22892.5,22902.5,tp,10.0,17.759999999999998,1,2.24,2025-07-08
2025-07-08 16:42:00,2025-07-08 16:43:00,short,22916.0,22928.0,sl,-12.0,-26.240000000000002,1,2.24,2025-07-08
2025-07-09 15:27:00,2025-07-09 15:27:00,long,22977.25,22987.25,tp,10.0,17.759999999999998,1,2.24,2025-07-09
2025-07-09 15:54:00,2025-07-09 15:56:00,short,22949.0,22961.0,sl,-12.0,-26.240000000000002,1,2.24,2025-07-09
2025-07-09 16:21:00,2025-07-09 16:21:00,long,22970.25,22958.25,sl,-12.0,-26.240000000000002,1,2.24,2025-07-09
2025-07-10 15:13:00,2025-07-10 15:13:00,short,22962.0,22952.0,tp,10.0,17.759999999999998,1,2.24,2025-07-10
2025-07-10 15:24:00,2025-07-10 15:25:00,long,22972.25,22982.25,tp,10.0,17.759999999999998,1,2.24,2025-07-10
2025-07-10 16:11:00,2025-07-10 16:11:00,short,22984.0,22974.0,tp,10.0,17.759999999999998,1,2.24,2025-07-10
2025-07-10 16:28:00,2025-07-10 16:33:00,long,23007.25,22995.25,sl,-12.0,-26.240000000000002,1,2.24,2025-07-10
2025-07-11 15:36:00,2025-07-11 15:39:00,long,22966.75,22976.75,tp,10.0,17.759999999999998,1,2.24,2025-07-11
2025-07-11 16:08:00,2025-07-11 16:11:00,short,22964.5,22976.5,sl,-12.0,-26.240000000000002,1,2.24,2025-07-11
2025-07-11 16:17:00,2025-07-11 16:18:00,long,22992.25,22980.25,sl,-12.0,-26.240000000000002,1,2.24,2025-07-11
2025-07-11 16:46:00,2025-07-11 16:48:00,short,22982.25,22972.25,tp,10.0,17.759999999999998,1,2.24,2025-07-11
2025-07-14 16:35:00,2025-07-14 16:40:00,short,23008.75,23020.75,sl,-12.0,-26.240000000000002,1,2.24,2025-07-14
2025-07-15 15:22:00,2025-07-15 15:23:00,long,23143.0,23153.0,tp,10.0,17.759999999999998,1,2.24,2025-07-15
2025-07-15 16:04:00,2025-07-15 16:06:00,short,23153.0,23165.0,sl,-12.0,-26.240000000000002,1,2.24,2025-07-15
2025-07-15 16:09:00,2025-07-15 16:16:00,short,23142.25,23154.25,sl,-12.0,-26.240000000000002,1,2.24,2025-07-15
2025-07-16 15:05:00,2025-07-16 15:06:00,long,23017.5,23005.5,sl,-12.0,-26.240000000000002,1,2.24,2025-07-16
2025-07-16 15:19:00,2025-07-16 15:19:00,short,22973.75,22963.75,tp,10.0,17.759999999999998,1,2.24,2025-07-16
2025-07-16 15:56:00,2025-07-16 15:56:00,long,23005.0,23015.0,tp,10.0,17.759999999999998,1,2.24,2025-07-16
2025-07-17 16:46:00,2025-07-17 16:50:00,short,23251.0,23263.0,sl,-12.0,-26.240000000000002,1,2.24,2025-07-17
2025-07-18 15:30:00,2025-07-18 15:31:00,long,23216.75,23226.75,tp,10.0,17.759999999999998,1,2.24,2025-07-18
2025-07-18 16:12:00,2025-07-18 16:15:00,short,23224.75,23214.75,tp,10.0,17.759999999999998,1,2.24,2025-07-18
2025-07-21 15:29:00,2025-07-21 15:35:00,long,23395.25,23405.25,tp,10.0,17.759999999999998,1,2.24,2025-07-21
2025-07-21 15:57:00,2025-07-21 16:00:00,short,23387.25,23377.25,tp,10.0,17.759999999999998,1,2.24,2025-07-21
2025-07-21 16:35:00,2025-07-21 16:40:00,long,23388.25,23376.25,sl,-12.0,-26.240000000000002,1,2.24,2025-07-21
2025-07-22 15:18:00,2025-07-22 15:19:00,short,23202.0,23214.0,sl,-12.0,-26.240000000000002,1,2.24,2025-07-22
2025-07-22 15:34:00,2025-07-22 15:34:00,long,23223.25,23233.25,tp,10.0,17.759999999999998,1,2.24,2025-07-22
2025-07-22 15:58:00,2025-07-22 15:59:00,short,23211.75,23201.75,tp,10.0,17.759999999999998,1,2.24,2025-07-22
2025-07-22 16:20:00,2025-07-22 16:22:00,long,23217.5,23205.5,sl,-12.0,-26.240000000000002,1,2.24,2025-07-22
2025-07-23 16:20:00,2025-07-23 16:21:00,short,23225.75,23215.75,tp,10.0,17.759999999999998,1,2.24,2025-07-23
2025-07-23 16:48:00,2025-07-23 17:00:00,long,23227.0,23225.5,session_close,-1.5,-5.24,1,2.24,2025-07-23
2025-07-24 15:39:00,2025-07-24 15:41:00,short,23370.75,23382.75,sl,-12.0,-26.240000000000002,1,2.24,2025-07-24
2025-07-24 15:46:00,2025-07-24 15:51:00,long,23382.25,23392.25,tp,10.0,17.759999999999998,1,2.24,2025-07-24
2025-07-24 16:04:00,2025-07-24 16:05:00,short,23370.0,23360.0,tp,10.0,17.759999999999998,1,2.24,2025-07-24
2025-07-24 16:54:00,2025-07-24 17:00:00,long,23365.25,23370.0,session_close,4.75,7.26,1,2.24,2025-07-24
2025-07-25 15:14:00,2025-07-25 15:23:00,long,23406.5,23416.5,tp,10.0,17.759999999999998,1,2.24,2025-07-25
2025-07-25 15:44:00,2025-07-25 15:48:00,short,23405.25,23417.25,sl,-12.0,-26.240000000000002,1,2.24,2025-07-25
2025-07-28 15:42:00,2025-07-28 15:48:00,long,23484.75,23494.75,tp,10.0,17.759999999999998,1,2.24,2025-07-28
2025-07-28 16:09:00,2025-07-28 16:16:00,short,23480.0,23492.0,sl,-12.0,-26.240000000000002,1,2.24,2025-07-28
2025-07-28 16:35:00,2025-07-28 16:52:00,short,23487.0,23477.0,tp,10.0,17.759999999999998,1,2.24,2025-07-28
2025-07-29 15:54:00,2025-07-29 15:57:00,long,23513.0,23501.0,sl,-12.0,-26.240000000000002,1,2.24,2025-07-29
2025-07-29 16:12:00,2025-07-29 16:18:00,short,23484.75,23474.75,tp,10.0,17.759999999999998,1,2.24,2025-07-29
2025-07-29 16:54:00,2025-07-29 16:55:00,long,23486.25,23496.25,tp,10.0,17.759999999999998,1,2.24,2025-07-29
2025-07-30 15:06:00,2025-07-30 15:10:00,short,23508.5,23498.5,tp,10.0,17.759999999999998,1,2.24,2025-07-30
2025-07-30 15:47:00,2025-07-30 15:54:00,long,23501.0,23511.0,tp,10.0,17.759999999999998,1,2.24,2025-07-30
2025-07-30 16:42:00,2025-07-30 16:51:00,short,23522.25,23534.25,sl,-12.0,-26.240000000000002,1,2.24,2025-07-30
2025-07-31 15:37:00,2025-07-31 15:37:00,long,23554.25,23564.25,tp,10.0,17.759999999999998,1,2.24,2025-07-31
2025-07-31 16:47:00,2025-07-31 16:51:00,short,23571.25,23561.25,tp,10.0,17.759999999999998,1,2.24,2025-07-31
2025-08-01 15:41:00,2025-08-01 15:42:00,long,22971.5,22981.5,tp,10.0,17.759999999999998,1,2.24,2025-08-01
2025-08-01 16:39:00,2025-08-01 16:40:00,short,22985.0,22975.0,tp,10.0,17.759999999999998,1,2.24,2025-08-01
2025-08-04 15:34:00,2025-08-04 15:37:00,long,23218.25,23228.25,tp,10.0,17.759999999999998,1,2.24,2025-08-04
2025-08-04 15:44:00,2025-08-04 15:48:00,short,23207.75,23219.75,sl,-12.0,-26.240000000000002,1,2.24,2025-08-04
2025-08-05 16:05:00,2025-08-05 16:05:00,long,23176.25,23186.25,tp,10.0,17.759999999999998,1,2.24,2025-08-05
2025-08-05 16:43:00,2025-08-05 16:45:00,short,23168.0,23158.0,tp,10.0,17.759999999999998,1,2.24,2025-08-05
2025-08-06 16:35:00,2025-08-06 16:35:00,short,23362.0,23374.0,sl,-12.0,-26.240000000000002,1,2.24,2025-08-06
2025-08-06 16:45:00,2025-08-06 16:45:00,short,23351.25,23363.25,sl,-12.0,-26.240000000000002,1,2.24,2025-08-06
2025-08-06 16:52:00,2025-08-06 17:00:00,long,23378.0,23382.0,session_close,4.0,5.76,1,2.24,2025-08-06
2025-08-07 15:25:00,2025-08-07 15:25:00,long,23552.0,23540.0,sl,-12.0,-26.240000000000002,1,2.24,2025-08-07
2025-08-07 16:25:00,2025-08-07 16:27:00,long,23507.25,23495.25,sl,-12.0,-26.240000000000002,1,2.24,2025-08-07
2025-08-07 16:37:00,2025-08-07 16:37:00,short,23495.0,23485.0,tp,10.0,17.759999999999998,1,2.24,2025-08-07
2025-08-08 15:16:00,2025-08-08 15:20:00,long,23680.0,23668.0,sl,-12.0,-26.240000000000002,1,2.24,2025-08-08
2025-08-08 15:31:00,2025-08-08 15:35:00,short,23649.5,23639.5,tp,10.0,17.759999999999998,1,2.24,2025-08-08
2025-08-08 15:55:00,2025-08-08 15:56:00,long,23667.25,23677.25,tp,10.0,17.759999999999998,1,2.24,2025-08-08
2025-08-08 16:55:00,2025-08-08 17:00:00,short,23679.0,23673.25,session_close,5.75,9.26,1,2.24,2025-08-08
2025-08-11 15:17:00,2025-08-11 15:22:00,long,23747.75,23735.75,sl,-12.0,-26.240000000000002,1,2.24,2025-08-11
2025-08-11 15:29:00,2025-08-11 15:39:00,short,23733.25,23723.25,tp,10.0,17.759999999999998,1,2.24,2025-08-11
2025-08-11 15:51:00,2025-08-11 15:54:00,long,23747.75,23757.75,tp,10.0,17.759999999999998,1,2.24,2025-08-11
2025-08-11 16:41:00,2025-08-11 16:44:00,short,23753.75,23743.75,tp,10.0,17.759999999999998,1,2.24,2025-08-11
2025-08-13 15:42:00,2025-08-13 15:43:00,long,23946.5,23956.5,tp,10.0,17.759999999999998,1,2.24,2025-08-13
2025-08-13 15:55:00,2025-08-13 16:03:00,short,23924.75,23936.75,sl,-12.0,-26.240000000000002,1,2.24,2025-08-13
2025-08-14 15:02:00,2025-08-14 15:05:00,short,23952.75,23942.75,tp,10.0,17.759999999999998,1,2.24,2025-08-14
2025-08-14 15:52:00,2025-08-14 15:56:00,long,23927.75,23937.75,tp,10.0,17.759999999999998,1,2.24,2025-08-14
2025-08-14 16:09:00,2025-08-14 16:11:00,short,23901.25,23891.25,tp,10.0,17.759999999999998,1,2.24,2025-08-14
2025-08-14 16:36:00,2025-08-14 16:36:00,long,23915.25,23903.25,sl,-12.0,-26.240000000000002,1,2.24,2025-08-14
2025-08-15 15:21:00,2025-08-15 15:22:00,long,23829.5,23817.5,sl,-12.0,-26.240000000000002,1,2.24,2025-08-15
2025-08-15 15:25:00,2025-08-15 15:34:00,short,23803.75,23815.75,sl,-12.0,-26.240000000000002,1,2.24,2025-08-15
2025-08-15 15:57:00,2025-08-15 15:57:00,long,23800.75,23788.75,sl,-12.0,-26.240000000000002,1,2.24,2025-08-15
2025-08-15 16:02:00,2025-08-15 16:05:00,short,23774.25,23786.25,sl,-12.0,-26.240000000000002,1,2.24,2025-08-15
2025-08-18 15:01:00,2025-08-18 15:05:00,long,23779.75,23767.75,sl,-12.0,-26.240000000000002,1,2.24,2025-08-18
2025-08-18 15:15:00,2025-08-18 15:17:00,short,23758.0,23748.0,tp,10.0,17.759999999999998,1,2.24,2025-08-18
2025-08-18 16:04:00,2025-08-18 16:11:00,long,23757.5,23767.5,tp,10.0,17.759999999999998,1,2.24,2025-08-18
2025-08-18 16:38:00,2025-08-18 16:48:00,short,23740.0,23730.0,tp,10.0,17.759999999999998,1,2.24,2025-08-18
2025-08-19 15:31:00,2025-08-19 15:34:00,long,23576.5,23586.5,tp,10.0,17.759999999999998,1,2.24,2025-08-19
2025-08-19 15:52:00,2025-08-19 15:52:00,short,23554.25,23566.25,sl,-12.0,-26.240000000000002,1,2.24,2025-08-19
2025-08-20 15:09:00,2025-08-20 15:11:00,long,23118.75,23128.75,tp,10.0,17.759999999999998,1,2.24,2025-08-20
2025-08-20 15:55:00,2025-08-20 15:55:00,short,23170.25,23182.25,sl,-12.0,-26.240000000000002,1,2.24,2025-08-20
2025-08-20 16:07:00,2025-08-20 16:08:00,long,23205.75,23215.75,tp,10.0,17.759999999999998,1,2.24,2025-08-20
2025-08-20 16:53:00,2025-08-20 16:55:00,short,23246.0,23236.0,tp,10.0,17.759999999999998,1,2.24,2025-08-20
2025-08-21 15:07:00,2025-08-21 15:10:00,short,23266.5,23256.5,tp,10.0,17.759999999999998,1,2.24,2025-08-21
2025-08-21 15:34:00,2025-08-21 15:37:00,long,23289.25,23277.25,sl,-12.0,-26.240000000000002,1,2.24,2025-08-21
2025-08-21 15:51:00,2025-08-21 15:52:00,short,23236.75,23226.75,tp,10.0,17.759999999999998,1,2.24,2025-08-21
2025-08-21 16:54:00,2025-08-21 16:56:00,long,23207.5,23195.5,sl,-12.0,-26.240000000000002,1,2.24,2025-08-21
2025-08-22 15:42:00,2025-08-22 15:43:00,short,23608.5,23620.5,sl,-12.0,-26.240000000000002,1,2.24,2025-08-22
2025-08-25 16:30:00,2025-08-25 16:31:00,short,23597.75,23587.75,tp,10.0,17.759999999999998,1,2.24,2025-08-25
2025-08-25 16:45:00,2025-08-25 16:52:00,long,23607.0,23595.0,sl,-12.0,-26.240000000000002,1,2.24,2025-08-25
2025-08-26 15:05:00,2025-08-26 15:09:00,short,23525.0,23515.0,tp,10.0,17.759999999999998,1,2.24,2025-08-26
2025-08-26 15:25:00,2025-08-26 15:26:00,long,23531.0,23519.0,sl,-12.0,-26.240000000000002,1,2.24,2025-08-26
2025-08-26 15:58:00,2025-08-26 16:02:00,long,23520.5,23530.5,tp,10.0,17.759999999999998,1,2.24,2025-08-26
2025-08-26 16:49:00,2025-08-26 17:00:00,short,23530.5,23538.0,session_close,-7.5,-17.240000000000002,1,2.24,2025-08-26
2025-08-27 15:13:00,2025-08-27 15:17:00,short,23590.5,23602.5,sl,-12.0,-26.240000000000002,1,2.24,2025-08-27
2025-08-27 15:29:00,2025-08-27 15:36:00,short,23588.75,23600.75,sl,-12.0,-26.240000000000002,1,2.24,2025-08-27
2025-08-27 15:40:00,2025-08-27 15:40:00,long,23605.75,23593.75,sl,-12.0,-26.240000000000002,1,2.24,2025-08-27
2025-08-27 15:45:00,2025-08-27 15:47:00,long,23600.75,23610.75,tp,10.0,17.759999999999998,1,2.24,2025-08-27
2025-08-28 15:27:00,2025-08-28 15:28:00,short,23683.25,23673.25,tp,10.0,17.759999999999998,1,2.24,2025-08-28
2025-08-28 15:38:00,2025-08-28 15:39:00,long,23717.5,23705.5,sl,-12.0,-26.240000000000002,1,2.24,2025-08-28
2025-08-28 16:10:00,2025-08-28 16:13:00,long,23701.5,23711.5,tp,10.0,17.759999999999998,1,2.24,2025-08-28
2025-08-29 15:13:00,2025-08-29 15:18:00,long,23475.75,23463.75,sl,-12.0,-26.240000000000002,1,2.24,2025-08-29
2025-08-29 15:36:00,2025-08-29 15:36:00,short,23455.0,23467.0,sl,-12.0,-26.240000000000002,1,2.24,2025-08-29
2025-08-29 16:13:00,2025-08-29 16:17:00,long,23469.25,23479.25,tp,10.0,17.759999999999998,1,2.24,2025-08-29
2025-09-01 15:11:00,2025-09-01 15:17:00,short,23480.5,23492.5,sl,-12.0,-26.240000000000002,1,2.24,2025-09-01
2025-09-02 16:18:00,2025-09-02 16:21:00,long,23073.25,23083.25,tp,10.0,17.759999999999998,1,2.24,2025-09-02
2025-09-03 15:18:00,2025-09-03 15:20:00,short,23476.75,23488.75,sl,-12.0,-26.240000000000002,1,2.24,2025-09-03
2025-09-03 16:20:00,2025-09-03 16:20:00,long,23441.75,23451.75,tp,10.0,17.759999999999998,1,2.24,2025-09-03
2025-09-03 16:39:00,2025-09-03 16:40:00,short,23421.75,23411.75,tp,10.0,17.759999999999998,1,2.24,2025-09-03
2025-09-04 16:25:00,2025-09-04 16:27:00,short,23529.25,23519.25,tp,10.0,17.759999999999998,1,2.24,2025-09-04
2025-09-04 16:48:00,2025-09-04 16:48:00,long,23547.25,23557.25,tp,10.0,17.759999999999998,1,2.24,2025-09-04
2025-09-05 15:24:00,2025-09-05 15:25:00,long,23609.25,23619.25,tp,10.0,17.759999999999998,1,2.24,2025-09-05
2025-09-05 16:02:00,2025-09-05 16:03:00,short,23612.75,23602.75,tp,10.0,17.759999999999998,1,2.24,2025-09-05
2025-09-05 16:12:00,2025-09-05 16:13:00,long,23640.25,23650.25,tp,10.0,17.759999999999998,1,2.24,2025-09-05
2025-09-05 16:31:00,2025-09-05 16:33:00,short,23623.5,23613.5,tp,10.0,17.759999999999998,1,2.24,2025-09-05
2025-09-08 15:19:00,2025-09-08 15:26:00,short,23851.0,23863.0,sl,-12.0,-26.240000000000002,1,2.24,2025-09-08
2025-09-08 15:31:00,2025-09-08 15:40:00,long,23876.0,23864.0,sl,-12.0,-26.240000000000002,1,2.24,2025-09-08
2025-09-08 15:45:00,2025-09-08 15:46:00,short,23861.0,23851.0,tp,10.0,17.759999999999998,1,2.24,2025-09-08
2025-09-08 15:59:00,2025-09-08 16:00:00,long,23873.25,23861.25,sl,-12.0,-26.240000000000002,1,2.24,2025-09-08
2025-09-09 15:04:00,2025-09-09 15:06:00,short,23769.5,23759.5,tp,10.0,17.759999999999998,1,2.24,2025-09-09
2025-09-09 15:16:00,2025-09-09 15:24:00,long,23788.25,23776.25,sl,-12.0,-26.240000000000002,1,2.24,2025-09-09
2025-09-09 15:36:00,2025-09-09 15:41:00,short,23767.75,23757.75,tp,10.0,17.759999999999998,1,2.24,2025-09-09
2025-09-09 15:54:00,2025-09-09 15:54:00,long,23795.5,23805.5,tp,10.0,17.759999999999998,1,2.24,2025-09-09
2025-09-10 15:01:00,2025-09-10 15:04:00,long,23975.25,23963.25,sl,-12.0,-26.240000000000002,1,2.24,2025-09-10
2025-09-10 15:46:00,2025-09-10 15:47:00,long,23960.5,23948.5,sl,-12.0,-26.240000000000002,1,2.24,2025-09-10
2025-09-10 16:03:00,2025-09-10 16:13:00,short,23929.25,23941.25,sl,-12.0,-26.240000000000002,1,2.24,2025-09-10
2025-09-11 15:47:00,2025-09-11 15:51:00,short,24006.25,24018.25,sl,-12.0,-26.240000000000002,1,2.24,2025-09-11
2025-09-11 15:59:00,2025-09-11 16:02:00,long,24026.75,24036.75,tp,10.0,17.759999999999998,1,2.24,2025-09-11
2025-09-11 16:31:00,2025-09-11 16:39:00,short,24026.25,24016.25,tp,10.0,17.759999999999998,1,2.24,2025-09-11
2025-09-12 15:23:00,2025-09-12 15:25:00,short,24083.5,24095.5,sl,-12.0,-26.240000000000002,1,2.24,2025-09-12
2025-09-12 15:30:00,2025-09-12 15:44:00,short,24086.75,24076.75,tp,10.0,17.759999999999998,1,2.24,2025-09-12
2025-09-12 15:57:00,2025-09-12 16:01:00,long,24094.0,24082.0,sl,-12.0,-26.240000000000002,1,2.24,2025-09-12
2025-09-12 16:11:00,2025-09-12 16:16:00,long,24096.25,24106.25,tp,10.0,17.759999999999998,1,2.24,2025-09-12
2025-09-15 15:21:00,2025-09-15 15:27:00,short,24488.0,24500.0,sl,-12.0,-26.240000000000002,1,2.24,2025-09-15
2025-09-15 15:38:00,2025-09-15 15:40:00,long,24499.25,24509.25,tp,10.0,17.759999999999998,1,2.24,2025-09-15
2025-09-15 16:29:00,2025-09-15 16:32:00,short,24511.5,24523.5,sl,-12.0,-26.240000000000002,1,2.24,2025-09-15
2025-09-15 16:48:00,2025-09-15 16:58:00,short,24514.25,24504.25,tp,10.0,17.759999999999998,1,2.24,2025-09-15
2025-09-16 16:17:00,2025-09-16 16:36:00,long,24519.5,24507.5,sl,-12.0,-26.240000000000002,1,2.24,2025-09-16
2025-09-17 15:19:00,2025-09-17 15:23:00,long,24439.25,24427.25,sl,-12.0,-26.240000000000002,1,2.24,2025-09-17
2025-09-17 15:27:00,2025-09-17 15:42:00,short,24414.5,24404.5,tp,10.0,17.759999999999998,1,2.24,2025-09-17
2025-09-17 16:25:00,2025-09-17 16:34:00,long,24413.25,24401.25,sl,-12.0,-26.240000000000002,1,2.24,2025-09-17
2025-09-18 15:08:00,2025-09-18 15:11:00,long,24772.75,24782.75,tp,10.0,17.759999999999998,1,2.24,2025-09-18
2025-09-18 15:44:00,2025-09-18 15:47:00,short,24771.25,24761.25,tp,10.0,17.759999999999998,1,2.24,2025-09-18
2025-09-18 16:19:00,2025-09-18 16:20:00,long,24767.25,24755.25,sl,-12.0,-26.240000000000002,1,2.24,2025-09-18
2025-09-19 15:45:00,2025-09-19 15:50:00,long,24747.5,24757.5,tp,10.0,17.759999999999998,1,2.24,2025-09-19
2025-09-22 15:18:00,2025-09-22 15:26:00,short,24907.25,24919.25,sl,-12.0,-26.240000000000002,1,2.24,2025-09-22
2025-09-22 15:36:00,2025-09-22 15:50:00,short,24905.25,24917.25,sl,-12.0,-26.240000000000002,1,2.24,2025-09-22
2025-09-22 15:55:00,2025-09-22 16:01:00,long,24914.5,24924.5,tp,10.0,17.759999999999998,1,2.24,2025-09-22
2025-09-23 15:14:00,2025-09-23 15:16:00,long,24961.25,24949.25,sl,-12.0,-26.240000000000002,1,2.24,2025-09-23
2025-09-23 15:39:00,2025-09-23 15:41:00,short,24946.5,24936.5,tp,10.0,17.759999999999998,1,2.24,2025-09-23
2025-09-23 16:25:00,2025-09-23 16:29:00,long,24942.5,24930.5,sl,-12.0,-26.240000000000002,1,2.24,2025-09-23
2025-09-23 16:47:00,2025-09-23 16:55:00,long,24942.75,24930.75,sl,-12.0,-26.240000000000002,1,2.24,2025-09-23
2025-09-24 16:33:00,2025-09-24 16:40:00,long,24692.75,24702.75,tp,10.0,17.759999999999998,1,2.24,2025-09-24
2025-09-24 16:57:00,2025-09-24 17:00:00,short,24684.0,24696.0,sl,-12.0,-26.240000000000002,1,2.24,2025-09-24
2025-09-25 15:08:00,2025-09-25 15:09:00,short,24587.0,24599.0,sl,-12.0,-26.240000000000002,1,2.24,2025-09-25
2025-09-25 15:14:00,2025-09-25 15:16:00,long,24650.25,24638.25,sl,-12.0,-26.240000000000002,1,2.24,2025-09-25
2025-09-25 15:27:00,2025-09-25 15:30:00,short,24592.0,24604.0,sl,-12.0,-26.240000000000002,1,2.24,2025-09-25
2025-09-25 15:35:00,2025-09-25 15:35:00,long,24649.25,24659.25,tp,10.0,17.759999999999998,1,2.24,2025-09-25
2025-09-26 15:21:00,2025-09-26 15:21:00,long,24598.75,24586.75,sl,-12.0,-26.240000000000002,1,2.24,2025-09-26
2025-09-26 15:57:00,2025-09-26 15:58:00,short,24600.75,24590.75,tp,10.0,17.759999999999998,1,2.24,2025-09-26
2025-09-26 16:18:00,2025-09-26 16:19:00,long,24608.5,24618.5,tp,10.0,17.759999999999998,1,2.24,2025-09-26
2025-09-29 16:28:00,2025-09-29 16:42:00,long,24852.75,24862.75,tp,10.0,17.759999999999998,1,2.24,2025-09-29
2025-09-29 16:45:00,2025-09-29 16:53:00,short,24840.0,24830.0,tp,10.0,17.759999999999998,1,2.24,2025-09-29
2025-09-30 15:21:00,2025-09-30 15:22:00,short,24794.25,24806.25,sl,-12.0,-26.240000000000002,1,2.24,2025-09-30
2025-09-30 15:56:00,2025-09-30 15:56:00,long,24799.0,24787.0,sl,-12.0,-26.240000000000002,1,2.24,2025-09-30
2025-09-30 16:14:00,2025-09-30 16:18:00,short,24789.25,24801.25,sl,-12.0,-26.240000000000002,1,2.24,2025-09-30
2025-09-30 16:44:00,2025-09-30 16:44:00,short,24801.0,24813.0,sl,-12.0,-26.240000000000002,1,2.24,2025-09-30
2025-10-01 15:20:00,2025-10-01 15:26:00,short,24879.25,24891.25,sl,-12.0,-26.240000000000002,1,2.24,2025-10-01
2025-10-01 15:32:00,2025-10-01 15:36:00,long,24904.75,24914.75,tp,10.0,17.759999999999998,1,2.24,2025-10-01
2025-10-01 16:47:00,2025-10-01 16:57:00,short,24935.25,24947.25,sl,-12.0,-26.240000000000002,1,2.24,2025-10-01
2025-10-02 15:27:00,2025-10-02 15:27:00,long,25040.25,25050.25,tp,10.0,17.759999999999998,1,2.24,2025-10-02
2025-10-02 15:34:00,2025-10-02 15:37:00,short,25030.75,25020.75,tp,10.0,17.759999999999998,1,2.24,2025-10-02
2025-10-02 15:53:00,2025-10-02 15:54:00,long,25049.75,25059.75,tp,10.0,17.759999999999998,1,2.24,2025-10-02
2025-10-02 16:42:00,2025-10-02 16:42:00,short,25043.0,25055.0,sl,-12.0,-26.240000000000002,1,2.24,2025-10-02
2025-10-03 15:43:00,2025-10-03 15:46:00,short,25111.0,25123.0,sl,-12.0,-26.240000000000002,1,2.24,2025-10-03
2025-10-03 15:53:00,2025-10-03 15:56:00,long,25129.75,25139.75,tp,10.0,17.759999999999998,1,2.24,2025-10-03
2025-10-03 16:27:00,2025-10-03 16:27:00,short,25127.75,25139.75,sl,-12.0,-26.240000000000002,1,2.24,2025-10-03
2025-10-03 16:37:00,2025-10-03 16:40:00,short,25132.5,25122.5,tp,10.0,17.759999999999998,1,2.24,2025-10-03
2025-10-06 15:01:00,2025-10-06 15:04:00,long,25150.5,25160.5,tp,10.0,17.759999999999998,1,2.24,2025-10-06
2025-10-06 16:16:00,2025-10-06 16:22:00,short,25186.0,25198.0,sl,-12.0,-26.240000000000002,1,2.24,2025-10-06
2025-10-06 16:47:00,2025-10-06 17:00:00,short,25194.25,25201.25,session_close,-7.0,-16.240000000000002,1,2.24,2025-10-06
2025-10-07 16:29:00,2025-10-07 16:29:00,long,25042.75,25030.75,sl,-12.0,-26.240000000000002,1,2.24,2025-10-07
2025-10-07 16:53:00,2025-10-07 16:54:00,short,25037.5,25027.5,tp,10.0,17.759999999999998,1,2.24,2025-10-07
2025-10-08 15:06:00,2025-10-08 15:11:00,long,25203.5,25213.5,tp,10.0,17.759999999999998,1,2.24,2025-10-08
2025-10-08 16:32:00,2025-10-08 16:50:00,short,25243.75,25233.75,tp,10.0,17.759999999999998,1,2.24,2025-10-08
2025-10-09 15:25:00,2025-10-09 15:28:00,short,25235.0,25225.0,tp,10.0,17.759999999999998,1,2.24,2025-10-09
2025-10-09 15:52:00,2025-10-09 15:55:00,long,25258.75,25268.75,tp,10.0,17.759999999999998,1,2.24,2025-10-09
2025-10-09 16:24:00,2025-10-09 16:25:00,short,25247.0,25259.0,sl,-12.0,-26.240000000000002,1,2.24,2025-10-09
2025-10-13 15:15:00,2025-10-13 15:15:00,long,24828.75,24838.75,tp,10.0,17.759999999999998,1,2.24,2025-10-13
2025-10-13 16:46:00,2025-10-13 16:47:00,short,24891.0,24903.0,sl,-12.0,-26.240000000000002,1,2.24,2025-10-13
2025-10-13 16:50:00,2025-10-13 16:52:00,long,24924.75,24934.75,tp,10.0,17.759999999999998,1,2.24,2025-10-13
2025-10-14 15:30:00,2025-10-14 15:30:00,short,24703.75,24715.75,sl,-12.0,-26.240000000000002,1,2.24,2025-10-14
2025-10-15 15:12:00,2025-10-15 15:14:00,short,25066.5,25078.5,sl,-12.0,-26.240000000000002,1,2.24,2025-10-15
2025-10-15 16:27:00,2025-10-15 16:27:00,long,24981.5,24969.5,sl,-12.0,-26.240000000000002,1,2.24,2025-10-15
2025-10-15 16:34:00,2025-10-15 16:36:00,short,24937.5,24949.5,sl,-12.0,-26.240000000000002,1,2.24,2025-10-15
2025-10-16 15:05:00,2025-10-16 15:05:00,short,25103.25,25115.25,sl,-12.0,-26.240000000000002,1,2.24,2025-10-16
2025-10-16 15:13:00,2025-10-16 15:15:00,long,25124.75,25112.75,sl,-12.0,-26.240000000000002,1,2.24,2025-10-16
2025-10-16 15:21:00,2025-10-16 15:21:00,long,25117.75,25105.75,sl,-12.0,-26.240000000000002,1,2.24,2025-10-16
2025-10-16 16:58:00,2025-10-16 16:58:00,long,24910.5,24920.5,tp,10.0,17.759999999999998,1,2.24,2025-10-16
2025-10-17 15:45:00,2025-10-17 15:46:00,long,24790.5,24800.5,tp,10.0,17.759999999999998,1,2.24,2025-10-17
2025-10-17 16:55:00,2025-10-17 16:55:00,short,24889.75,24879.75,tp,10.0,17.759999999999998,1,2.24,2025-10-17
2025-10-20 16:04:00,2025-10-20 16:06:00,short,25312.25,25324.25,sl,-12.0,-26.240000000000002,1,2.24,2025-10-20
2025-10-20 16:09:00,2025-10-20 16:11:00,short,25313.25,25303.25,tp,10.0,17.759999999999998,1,2.24,2025-10-20
2025-10-20 16:54:00,2025-10-20 17:00:00,long,25311.0,25316.0,session_close,5.0,7.76,1,2.24,2025-10-20
2025-10-21 15:24:00,2025-10-21 15:28:00,short,25266.25,25278.25,sl,-12.0,-26.240000000000002,1,2.24,2025-10-21
2025-10-21 15:31:00,2025-10-21 15:33:00,long,25283.5,25293.5,tp,10.0,17.759999999999998,1,2.24,2025-10-21
2025-10-21 16:54:00,2025-10-21 16:54:00,short,25308.25,25298.25,tp,10.0,17.759999999999998,1,2.24,2025-10-21
2025-10-22 15:01:00,2025-10-22 15:01:00,long,25174.75,25184.75,tp,10.0,17.759999999999998,1,2.24,2025-10-22
2025-10-22 15:17:00,2025-10-22 15:20:00,short,25124.0,25114.0,tp,10.0,17.759999999999998,1,2.24,2025-10-22
2025-10-22 15:51:00,2025-10-22 15:51:00,long,25109.75,25119.75,tp,10.0,17.759999999999998,1,2.24,2025-10-22
2025-10-22 16:06:00,2025-10-22 16:06:00,short,25072.0,25084.0,sl,-12.0,-26.240000000000002,1,2.24,2025-10-22
2025-10-23 15:19:00,2025-10-23 15:22:00,short,25155.0,25145.0,tp,10.0,17.759999999999998,1,2.24,2025-10-23
2025-10-23 15:31:00,2025-10-23 15:31:00,long,25193.75,25203.75,tp,10.0,17.759999999999998,1,2.24,2025-10-23
2025-10-23 15:44:00,2025-10-23 15:44:00,short,25146.0,25136.0,tp,10.0,17.759999999999998,1,2.24,2025-10-23
2025-10-23 15:54:00,2025-10-23 15:55:00,long,25196.0,25206.0,tp,10.0,17.759999999999998,1,2.24,2025-10-23
2025-10-24 15:16:00,2025-10-24 15:20:00,long,25513.5,25523.5,tp,10.0,17.759999999999998,1,2.24,2025-10-24
2025-10-24 15:57:00,2025-10-24 15:59:00,short,25516.5,25528.5,sl,-12.0,-26.240000000000002,1,2.24,2025-10-24
2025-10-24 16:42:00,2025-10-24 16:47:00,short,25530.0,25542.0,sl,-12.0,-26.240000000000002,1,2.24,2025-10-24
2025-10-27 15:01:00,2025-10-27 15:03:00,long,25872.5,25882.5,tp,10.0,17.759999999999998,1,2.24,2025-10-27
2025-10-28 15:03:00,2025-10-28 15:03:00,long,26051.25,26039.25,sl,-12.0,-26.240000000000002,1,2.24,2025-10-28
2025-10-28 15:34:00,2025-10-28 15:35:00,short,26032.75,26022.75,tp,10.0,17.759999999999998,1,2.24,2025-10-28
2025-10-28 15:41:00,2025-10-28 15:56:00,long,26043.25,26053.25,tp,10.0,17.759999999999998,1,2.24,2025-10-28
2025-10-29 16:24:00,2025-10-29 16:27:00,long,26244.5,26254.5,tp,10.0,17.759999999999998,1,2.24,2025-10-29
2025-10-30 15:11:00,2025-10-30 15:12:00,long,26072.5,26060.5,sl,-12.0,-26.240000000000002,1,2.24,2025-10-30
2025-10-30 15:34:00,2025-10-30 15:36:00,short,26028.75,26018.75,tp,10.0,17.759999999999998,1,2.24,2025-10-30
2025-10-30 16:07:00,2025-10-30 16:07:00,long,26042.0,26052.0,tp,10.0,17.759999999999998,1,2.24,2025-10-30
2025-10-30 16:40:00,2025-10-30 16:40:00,short,26052.75,26042.75,tp,10.0,17.759999999999998,1,2.24,2025-10-30
2025-10-31 15:28:00,2025-10-31 15:32:00,short,26135.75,26147.75,sl,-12.0,-26.240000000000002,1,2.24,2025-10-31
2025-11-03 15:58:00,2025-11-03 15:58:00,long,26099.75,26109.75,tp,10.0,17.759999999999998,1,2.24,2025-11-03
2025-11-03 16:05:00,2025-11-03 16:06:00,short,26076.0,26066.0,tp,10.0,17.759999999999998,1,2.24,2025-11-03
2025-11-03 16:13:00,2025-11-03 16:13:00,long,26079.5,26067.5,sl,-12.0,-26.240000000000002,1,2.24,2025-11-03
2025-11-03 16:17:00,2025-11-03 16:17:00,short,26066.25,26078.25,sl,-12.0,-26.240000000000002,1,2.24,2025-11-03
2025-11-04 15:50:00,2025-11-04 15:51:00,short,25832.75,25822.75,tp,10.0,17.759999999999998,1,2.24,2025-11-04
2025-11-05 16:15:00,2025-11-05 16:15:00,short,25679.25,25691.25,sl,-12.0,-26.240000000000002,1,2.24,2025-11-05
2025-11-05 16:27:00,2025-11-05 16:27:00,long,25736.0,25724.0,sl,-12.0,-26.240000000000002,1,2.24,2025-11-05
2025-11-07 15:17:00,2025-11-07 15:17:00,long,25027.25,25015.25,sl,-12.0,-26.240000000000002,1,2.24,2025-11-07
2025-11-07 15:25:00,2025-11-07 15:25:00,short,24959.25,24971.25,sl,-12.0,-26.240000000000002,1,2.24,2025-11-07
2025-11-07 15:30:00,2025-11-07 15:30:00,short,24968.75,24980.75,sl,-12.0,-26.240000000000002,1,2.24,2025-11-07
2025-11-10 15:43:00,2025-11-10 15:45:00,short,25622.75,25612.75,tp,10.0,17.759999999999998,1,2.24,2025-11-10
2025-11-10 17:00:00,2025-11-10 17:00:00,long,25521.75,25530.0,session_close,8.25,14.26,1,2.24,2025-11-10
2025-11-11 15:01:00,2025-11-11 15:01:00,long,25614.0,25624.0,tp,10.0,17.759999999999998,1,2.24,2025-11-11
2025-11-11 15:06:00,2025-11-11 15:06:00,short,25584.25,25574.25,tp,10.0,17.759999999999998,1,2.24,2025-11-11
2025-11-11 16:17:00,2025-11-11 16:18:00,long,25529.75,25539.75,tp,10.0,17.759999999999998,1,2.24,2025-11-11
2025-11-11 16:31:00,2025-11-11 16:31:00,short,25495.75,25507.75,sl,-12.0,-26.240000000000002,1,2.24,2025-11-11
2025-11-12 16:30:00,2025-11-12 16:30:00,long,25582.25,25570.25,sl,-12.0,-26.240000000000002,1,2.24,2025-11-12
2025-11-12 16:47:00,2025-11-12 16:47:00,short,25536.75,25526.75,tp,10.0,17.759999999999998,1,2.24,2025-11-12
2025-11-13 15:10:00,2025-11-13 15:10:00,long,25440.0,25428.0,sl,-12.0,-26.240000000000002,1,2.24,2025-11-13
2025-11-13 15:29:00,2025-11-13 15:29:00,short,25374.5,25386.5,sl,-12.0,-26.240000000000002,1,2.24,2025-11-13
2025-11-17 15:09:00,2025-11-17 15:09:00,short,25083.75,25073.75,tp,10.0,17.759999999999998,1,2.24,2025-11-17
2025-11-17 15:49:00,2025-11-17 15:49:00,long,25140.5,25128.5,sl,-12.0,-26.240000000000002,1,2.24,2025-11-17
2025-11-17 16:32:00,2025-11-17 16:32:00,long,25096.0,25106.0,tp,10.0,17.759999999999998,1,2.24,2025-11-17
2025-11-18 15:31:00,2025-11-18 15:31:00,long,24573.5,24561.5,sl,-12.0,-26.240000000000002,1,2.24,2025-11-18
2025-11-18 15:34:00,2025-11-18 15:34:00,short,24546.25,24536.25,tp,10.0,17.759999999999998,1,2.24,2025-11-18
2025-11-18 16:13:00,2025-11-18 16:13:00,long,24521.0,24531.0,tp,10.0,17.759999999999998,1,2.24,2025-11-18
2025-11-19 15:46:00,2025-11-19 15:47:00,short,24891.5,24881.5,tp,10.0,17.759999999999998,1,2.24,2025-11-19
2025-11-20 15:10:00,2025-11-20 15:10:00,short,25197.75,25187.75,tp,10.0,17.759999999999998,1,2.24,2025-11-20
2025-11-20 15:26:00,2025-11-20 15:26:00,long,25246.5,25234.5,sl,-12.0,-26.240000000000002,1,2.24,2025-11-20
2025-11-20 15:53:00,2025-11-20 15:53:00,short,25213.5,25203.5,tp,10.0,17.759999999999998,1,2.24,2025-11-20
2025-11-21 15:57:00,2025-11-21 15:57:00,long,24087.25,24075.25,sl,-12.0,-26.240000000000002,1,2.24,2025-11-21
2025-11-21 16:16:00,2025-11-21 16:16:00,long,24067.0,24055.0,sl,-12.0,-26.240000000000002,1,2.24,2025-11-21
2025-11-21 16:20:00,2025-11-21 16:20:00,short,24000.75,24012.75,sl,-12.0,-26.240000000000002,1,2.24,2025-11-21
2025-11-24 16:59:00,2025-11-24 17:00:00,short,24839.75,24851.75,sl,-12.0,-26.240000000000002,1,2.24,2025-11-24
2025-11-25 15:31:00,2025-11-25 15:31:00,long,24820.0,24808.0,sl,-12.0,-26.240000000000002,1,2.24,2025-11-25
2025-11-25 16:11:00,2025-11-25 16:11:00,short,24786.75,24776.75,tp,10.0,17.759999999999998,1,2.24,2025-11-25
2025-11-25 16:19:00,2025-11-25 16:19:00,long,24823.0,24833.0,tp,10.0,17.759999999999998,1,2.24,2025-11-25
2025-11-26 15:34:00,2025-11-26 15:34:00,long,25210.75,25220.75,tp,10.0,17.759999999999998,1,2.24,2025-11-26
2025-11-27 15:13:00,2025-11-27 15:33:00,long,25305.75,25293.75,sl,-12.0,-26.240000000000002,1,2.24,2025-11-27
2025-11-27 15:50:00,2025-11-27 16:03:00,long,25301.5,25289.5,sl,-12.0,-26.240000000000002,1,2.24,2025-11-27
2025-11-27 16:25:00,2025-11-27 17:00:00,long,25298.25,25297.0,session_close,-1.25,-4.74,1,2.24,2025-11-27
2025-11-28 15:06:00,2025-11-28 15:06:00,short,25359.0,25371.0,sl,-12.0,-26.240000000000002,1,2.24,2025-11-28
2025-11-28 15:16:00,2025-11-28 15:21:00,long,25390.25,25400.25,tp,10.0,17.759999999999998,1,2.24,2025-11-28
2025-11-28 15:29:00,2025-11-28 15:29:00,short,25370.75,25360.75,tp,10.0,17.759999999999998,1,2.24,2025-11-28
2025-11-28 15:37:00,2025-11-28 15:38:00,long,25389.25,25377.25,sl,-12.0,-26.240000000000002,1,2.24,2025-11-28
2025-12-01 15:30:00,2025-12-01 15:30:00,short,25323.75,25313.75,tp,10.0,17.759999999999998,1,2.24,2025-12-01
2025-12-01 15:50:00,2025-12-01 15:50:00,long,25341.75,25351.75,tp,10.0,17.759999999999998,1,2.24,2025-12-01
2025-12-01 16:16:00,2025-12-01 16:16:00,short,25338.0,25328.0,tp,10.0,17.759999999999998,1,2.24,2025-12-01
2025-12-01 16:27:00,2025-12-01 16:28:00,long,25384.25,25372.25,sl,-12.0,-26.240000000000002,1,2.24,2025-12-01
2025-12-02 15:30:00,2025-12-02 15:30:00,short,25573.0,25563.0,tp,10.0,17.759999999999998,1,2.24,2025-12-02
2025-12-02 15:46:00,2025-12-02 15:47:00,long,25622.25,25632.25,tp,10.0,17.759999999999998,1,2.24,2025-12-02
2025-12-02 16:11:00,2025-12-02 16:11:00,short,25583.0,25573.0,tp,10.0,17.759999999999998,1,2.24,2025-12-02
2025-12-02 16:57:00,2025-12-02 16:57:00,long,25522.75,25510.75,sl,-12.0,-26.240000000000002,1,2.24,2025-12-02
2025-12-03 15:02:00,2025-12-03 15:02:00,long,25519.75,25529.75,tp,10.0,17.759999999999998,1,2.24,2025-12-03
2025-12-03 16:11:00,2025-12-03 16:12:00,short,25536.75,25526.75,tp,10.0,17.759999999999998,1,2.24,2025-12-03
2025-12-03 16:32:00,2025-12-03 16:33:00,long,25592.25,25602.25,tp,10.0,17.759999999999998,1,2.24,2025-12-03
2025-12-03 16:56:00,2025-12-03 16:57:00,short,25551.5,25541.5,tp,10.0,17.759999999999998,1,2.24,2025-12-03
2025-12-04 15:34:00,2025-12-04 15:34:00,long,25595.25,25605.25,tp,10.0,17.759999999999998,1,2.24,2025-12-04
2025-12-04 15:55:00,2025-12-04 15:56:00,short,25586.75,25576.75,tp,10.0,17.759999999999998,1,2.24,2025-12-04
2025-12-04 16:24:00,2025-12-04 16:26:00,long,25589.25,25577.25,sl,-12.0,-26.240000000000002,1,2.24,2025-12-04
2025-12-05 15:46:00,2025-12-05 15:46:00,short,25798.25,25810.25,sl,-12.0,-26.240000000000002,1,2.24,2025-12-05
2025-12-05 16:55:00,2025-12-05 16:56:00,long,25735.5,25745.5,tp,10.0,17.759999999999998,1,2.24,2025-12-05
2025-12-09 16:44:00,2025-12-09 16:44:00,short,25677.25,25667.25,tp,10.0,17.759999999999998,1,2.24,2025-12-09
2025-12-09 16:52:00,2025-12-09 17:00:00,long,25708.75,25708.5,session_close,-0.25,-2.74,1,2.24,2025-12-09
2025-12-10 15:13:00,2025-12-10 15:13:00,long,25644.0,25632.0,sl,-12.0,-26.240000000000002,1,2.24,2025-12-10
2025-12-10 15:18:00,2025-12-10 15:19:00,long,25641.5,25651.5,tp,10.0,17.759999999999998,1,2.24,2025-12-10
2025-12-10 15:34:00,2025-12-10 15:34:00,short,25629.75,25619.75,tp,10.0,17.759999999999998,1,2.24,2025-12-10
2025-12-10 16:15:00,2025-12-10 16:18:00,long,25611.25,25621.25,tp,10.0,17.759999999999998,1,2.24,2025-12-10
2025-12-11 15:15:00,2025-12-11 15:16:00,long,25556.25,25544.25,sl,-12.0,-26.240000000000002,1,2.24,2025-12-11
2025-12-11 15:44:00,2025-12-11 15:44:00,short,25533.25,25523.25,tp,10.0,17.759999999999998,1,2.24,2025-12-11
2025-12-11 16:40:00,2025-12-11 16:40:00,long,25527.25,25537.25,tp,10.0,17.759999999999998,1,2.24,2025-12-11
2025-12-11 16:56:00,2025-12-11 16:57:00,short,25478.25,25468.25,tp,10.0,17.759999999999998,1,2.24,2025-12-11
2025-12-15 15:48:00,2025-12-15 15:48:00,long,25428.75,25416.75,sl,-12.0,-26.240000000000002,1,2.24,2025-12-15
2025-12-15 15:58:00,2025-12-15 15:59:00,short,25383.5,25395.5,sl,-12.0,-26.240000000000002,1,2.24,2025-12-15
2025-12-15 16:07:00,2025-12-15 16:07:00,long,25421.75,25431.75,tp,10.0,17.759999999999998,1,2.24,2025-12-15
2025-12-15 16:38:00,2025-12-15 16:38:00,short,25402.0,25392.0,tp,10.0,17.759999999999998,1,2.24,2025-12-15
2025-12-16 15:17:00,2025-12-16 15:17:00,short,25300.25,25290.25,tp,10.0,17.759999999999998,1,2.24,2025-12-16
2025-12-16 15:54:00,2025-12-16 15:54:00,long,25296.0,25306.0,tp,10.0,17.759999999999998,1,2.24,2025-12-16
2025-12-16 16:15:00,2025-12-16 16:15:00,short,25259.75,25249.75,tp,10.0,17.759999999999998,1,2.24,2025-12-16
2025-12-16 16:48:00,2025-12-16 16:48:00,long,25264.75,25274.75,tp,10.0,17.759999999999998,1,2.24,2025-12-16
2025-12-18 15:12:00,2025-12-18 15:12:00,short,25207.25,25197.25,tp,10.0,17.759999999999998,1,2.24,2025-12-18
2025-12-18 15:26:00,2025-12-18 15:26:00,long,25289.75,25299.75,tp,10.0,17.759999999999998,1,2.24,2025-12-18
2025-12-18 16:30:00,2025-12-18 16:30:00,short,25352.75,25364.75,sl,-12.0,-26.240000000000002,1,2.24,2025-12-18
2025-12-18 16:36:00,2025-12-18 16:36:00,long,25382.5,25392.5,tp,10.0,17.759999999999998,1,2.24,2025-12-18
2025-12-19 15:26:00,2025-12-19 15:26:00,short,25498.25,25488.25,tp,10.0,17.759999999999998,1,2.24,2025-12-19
2025-12-19 15:36:00,2025-12-19 15:39:00,long,25544.5,25532.5,sl,-12.0,-26.240000000000002,1,2.24,2025-12-19
2025-12-19 15:46:00,2025-12-19 15:46:00,short,25504.5,25494.5,tp,10.0,17.759999999999998,1,2.24,2025-12-19
2025-12-19 16:09:00,2025-12-19 16:10:00,long,25521.5,25531.5,tp,10.0,17.759999999999998,1,2.24,2025-12-19
2025-12-22 15:04:00,2025-12-22 15:04:00,short,25717.5,25707.5,tp,10.0,17.759999999999998,1,2.24,2025-12-22
2025-12-22 16:07:00,2025-12-22 16:10:00,long,25687.5,25697.5,tp,10.0,17.759999999999998,1,2.24,2025-12-22
2025-12-22 16:44:00,2025-12-22 16:51:00,short,25697.0,25709.0,sl,-12.0,-26.240000000000002,1,2.24,2025-12-22
2025-12-23 15:03:00,2025-12-23 15:03:00,short,25649.0,25639.0,tp,10.0,17.759999999999998,1,2.24,2025-12-23
2025-12-23 15:25:00,2025-12-23 15:25:00,long,25684.0,25672.0,sl,-12.0,-26.240000000000002,1,2.24,2025-12-23
2025-12-24 15:02:00,2025-12-24 15:10:00,long,25815.5,25825.5,tp,10.0,17.759999999999998,1,2.24,2025-12-24
2025-12-24 15:29:00,2025-12-24 15:30:00,short,25809.75,25821.75,sl,-12.0,-26.240000000000002,1,2.24,2025-12-24
2025-12-24 15:39:00,2025-12-24 15:47:00,long,25821.5,25831.5,tp,10.0,17.759999999999998,1,2.24,2025-12-24
2025-12-26 15:31:00,2025-12-26 15:31:00,long,25885.0,25895.0,tp,10.0,17.759999999999998,1,2.24,2025-12-26
2025-12-26 16:14:00,2025-12-26 16:14:00,short,25871.0,25861.0,tp,10.0,17.759999999999998,1,2.24,2025-12-26
2025-12-26 16:42:00,2025-12-26 16:49:00,long,25888.25,25876.25,sl,-12.0,-26.240000000000002,1,2.24,2025-12-26
2025-12-29 15:25:00,2025-12-29 15:26:00,long,25738.75,25748.75,tp,10.0,17.759999999999998,1,2.24,2025-12-29
2025-12-29 15:51:00,2025-12-29 15:51:00,short,25692.5,25682.5,tp,10.0,17.759999999999998,1,2.24,2025-12-29
2025-12-29 16:34:00,2025-12-29 16:34:00,long,25710.75,25698.75,sl,-12.0,-26.240000000000002,1,2.24,2025-12-29
2025-12-29 16:53:00,2025-12-29 17:00:00,long,25702.0,25696.0,session_close,-6.0,-14.24,1,2.24,2025-12-29
2025-12-30 15:13:00,2025-12-30 15:13:00,short,25693.75,25683.75,tp,10.0,17.759999999999998,1,2.24,2025-12-30
2025-12-30 15:52:00,2025-12-30 15:53:00,long,25725.0,25735.0,tp,10.0,17.759999999999998,1,2.24,2025-12-30
2025-12-30 16:40:00,2025-12-30 16:40:00,short,25743.5,25733.5,tp,10.0,17.759999999999998,1,2.24,2025-12-30
2025-12-31 16:23:00,2025-12-31 16:25:00,long,25573.25,25583.25,tp,10.0,17.759999999999998,1,2.24,2025-12-31
2026-01-02 15:12:00,2026-01-02 15:12:00,short,25656.5,25646.5,tp,10.0,17.759999999999998,1,2.24,2026-01-02
2026-01-05 15:02:00,2026-01-05 15:02:00,long,25614.5,25602.5,sl,-12.0,-26.240000000000002,1,2.24,2026-01-05
2026-01-05 16:58:00,2026-01-05 17:00:00,short,25663.5,25666.0,session_close,-2.5,-7.24,1,2.24,2026-01-05
2026-01-06 15:43:00,2026-01-06 15:44:00,short,25736.5,25726.5,tp,10.0,17.759999999999998,1,2.24,2026-01-06
2026-01-06 16:36:00,2026-01-06 16:36:00,long,25691.25,25679.25,sl,-12.0,-26.240000000000002,1,2.24,2026-01-06
2026-01-06 16:40:00,2026-01-06 16:41:00,long,25694.75,25682.75,sl,-12.0,-26.240000000000002,1,2.24,2026-01-06
2026-01-06 16:52:00,2026-01-06 16:55:00,long,25694.0,25682.0,sl,-12.0,-26.240000000000002,1,2.24,2026-01-06
2026-01-07 16:28:00,2026-01-07 16:28:00,short,25892.25,25882.25,tp,10.0,17.759999999999998,1,2.24,2026-01-07
2026-01-07 16:41:00,2026-01-07 16:43:00,long,25916.0,25926.0,tp,10.0,17.759999999999998,1,2.24,2026-01-07
2026-01-08 15:17:00,2026-01-08 15:17:00,long,25687.75,25675.75,sl,-12.0,-26.240000000000002,1,2.24,2026-01-08
2026-01-08 15:37:00,2026-01-08 15:37:00,short,25636.25,25626.25,tp,10.0,17.759999999999998,1,2.24,2026-01-08
2026-01-08 15:44:00,2026-01-08 15:45:00,long,25691.0,25679.0,sl,-12.0,-26.240000000000002,1,2.24,2026-01-08
2026-01-08 15:48:00,2026-01-08 15:51:00,short,25654.0,25644.0,tp,10.0,17.759999999999998,1,2.24,2026-01-08
2026-01-09 15:17:00,2026-01-09 15:17:00,long,25758.5,25746.5,sl,-12.0,-26.240000000000002,1,2.24,2026-01-09
2026-01-09 15:50:00,2026-01-09 15:50:00,short,25772.0,25784.0,sl,-12.0,-26.240000000000002,1,2.24,2026-01-09
2026-01-09 16:01:00,2026-01-09 16:02:00,long,25823.0,25833.0,tp,10.0,17.759999999999998,1,2.24,2026-01-09
2026-01-12 15:44:00,2026-01-12 15:44:00,short,25880.75,25892.75,sl,-12.0,-26.240000000000002,1,2.24,2026-01-12
2026-01-12 15:55:00,2026-01-12 15:59:00,long,25908.5,25918.5,tp,10.0,17.759999999999998,1,2.24,2026-01-12
2026-01-12 16:49:00,2026-01-12 16:49:00,short,25923.75,25935.75,sl,-12.0,-26.240000000000002,1,2.24,2026-01-12
2026-01-13 15:57:00,2026-01-13 15:57:00,long,25895.0,25883.0,sl,-12.0,-26.240000000000002,1,2.24,2026-01-13
2026-01-14 15:18:00,2026-01-14 15:18:00,long,25671.75,25681.75,tp,10.0,17.759999999999998,1,2.24,2026-01-14
2026-01-14 15:31:00,2026-01-14 15:31:00,short,25584.0,25574.0,tp,10.0,17.759999999999998,1,2.24,2026-01-14
2026-01-14 16:25:00,2026-01-14 16:26:00,long,25565.25,25553.25,sl,-12.0,-26.240000000000002,1,2.24,2026-01-14
2026-01-14 16:43:00,2026-01-14 16:45:00,short,25517.5,25507.5,tp,10.0,17.759999999999998,1,2.24,2026-01-14
2026-01-15 15:35:00,2026-01-15 15:35:00,long,25906.0,25916.0,tp,10.0,17.759999999999998,1,2.24,2026-01-15
2026-01-15 15:46:00,2026-01-15 15:46:00,short,25851.0,25841.0,tp,10.0,17.759999999999998,1,2.24,2026-01-15
2026-01-15 16:03:00,2026-01-15 16:05:00,long,25904.75,25914.75,tp,10.0,17.759999999999998,1,2.24,2026-01-15
2026-01-16 16:02:00,2026-01-16 16:02:00,long,25682.25,25670.25,sl,-12.0,-26.240000000000002,1,2.24,2026-01-16
2026-01-19 16:32:00,2026-01-19 16:37:00,short,25340.5,25352.5,sl,-12.0,-26.240000000000002,1,2.24,2026-01-19
2026-01-20 15:11:00,2026-01-20 15:11:00,short,25278.5,25268.5,tp,10.0,17.759999999999998,1,2.24,2026-01-20
2026-01-20 15:23:00,2026-01-20 15:23:00,long,25347.5,25335.5,sl,-12.0,-26.240000000000002,1,2.24,2026-01-20
2026-01-20 15:56:00,2026-01-20 15:56:00,short,25330.5,25320.5,tp,10.0,17.759999999999998,1,2.24,2026-01-20
2026-01-20 16:02:00,2026-01-20 16:02:00,long,25403.5,25391.5,sl,-12.0,-26.240000000000002,1,2.24,2026-01-20
2026-01-21 16:31:00,2026-01-21 16:32:00,short,25441.0,25431.0,tp,10.0,17.759999999999998,1,2.24,2026-01-21
2026-01-22 15:33:00,2026-01-22 15:33:00,long,25599.0,25609.0,tp,10.0,17.759999999999998,1,2.24,2026-01-22
2026-01-23 16:29:00,2026-01-23 16:29:00,short,25786.75,25798.75,sl,-12.0,-26.240000000000002,1,2.24,2026-01-23
2026-01-23 16:42:00,2026-01-23 16:43:00,long,25819.25,25807.25,sl,-12.0,-26.240000000000002,1,2.24,2026-01-23
2026-01-23 16:59:00,2026-01-23 17:00:00,short,25789.5,25779.5,tp,10.0,17.759999999999998,1,2.24,2026-01-23
2026-01-26 16:21:00,2026-01-26 16:21:00,short,25851.25,25863.25,sl,-12.0,-26.240000000000002,1,2.24,2026-01-26
2026-01-27 16:46:00,2026-01-27 17:00:00,short,26085.5,26079.25,session_close,6.25,10.26,1,2.24,2026-01-27
2026-01-28 15:05:00,2026-01-28 15:07:00,short,26253.5,26243.5,tp,10.0,17.759999999999998,1,2.24,2026-01-28
2026-01-29 16:17:00,2026-01-29 16:17:00,long,25674.0,25684.0,tp,10.0,17.759999999999998,1,2.24,2026-01-29
2026-01-30 15:01:00,2026-01-30 15:01:00,short,25829.5,25841.5,sl,-12.0,-26.240000000000002,1,2.24,2026-01-30
2026-01-30 15:10:00,2026-01-30 15:10:00,long,25889.5,25877.5,sl,-12.0,-26.240000000000002,1,2.24,2026-01-30
2026-01-30 15:27:00,2026-01-30 15:27:00,short,25825.75,25837.75,sl,-12.0,-26.240000000000002,1,2.24,2026-01-30
2026-01-30 15:42:00,2026-01-30 15:42:00,long,25893.0,25903.0,tp,10.0,17.759999999999998,1,2.24,2026-01-30
2026-02-02 15:57:00,2026-02-02 15:57:00,short,25827.5,25817.5,tp,10.0,17.759999999999998,1,2.24,2026-02-02
2026-02-02 16:17:00,2026-02-02 16:18:00,long,25856.0,25866.0,tp,10.0,17.759999999999998,1,2.24,2026-02-02
2026-02-02 16:47:00,2026-02-02 16:47:00,short,25852.25,25842.25,tp,10.0,17.759999999999998,1,2.24,2026-02-02
2026-02-02 16:57:00,2026-02-02 16:58:00,long,25884.75,25894.75,tp,10.0,17.759999999999998,1,2.24,2026-02-02
2026-02-03 15:52:00,2026-02-03 15:52:00,long,25602.25,25590.25,sl,-12.0,-26.240000000000002,1,2.24,2026-02-03
2026-02-03 16:11:00,2026-02-03 16:11:00,short,25540.5,25552.5,sl,-12.0,-26.240000000000002,1,2.24,2026-02-03
2026-02-04 15:27:00,2026-02-04 15:27:00,long,25250.0,25260.0,tp,10.0,17.759999999999998,1,2.24,2026-02-04
2026-02-04 15:30:00,2026-02-04 15:30:00,long,25248.5,25258.5,tp,10.0,17.759999999999998,1,2.24,2026-02-04
2026-02-05 15:45:00,2026-02-05 15:45:00,long,24677.75,24687.75,tp,10.0,17.759999999999998,1,2.24,2026-02-05
2026-02-05 16:19:00,2026-02-05 16:19:00,long,24667.25,24677.25,tp,10.0,17.759999999999998,1,2.24,2026-02-05
2026-02-06 15:03:00,2026-02-06 15:03:00,short,24816.75,24828.75,sl,-12.0,-26.240000000000002,1,2.24,2026-02-06
2026-02-06 15:23:00,2026-02-06 15:23:00,long,24896.0,24884.0,sl,-12.0,-26.240000000000002,1,2.24,2026-02-06
2026-02-06 15:26:00,2026-02-06 15:26:00,long,24885.25,24895.25,tp,10.0,17.759999999999998,1,2.24,2026-02-06
2026-02-06 15:55:00,2026-02-06 15:55:00,short,24828.5,24840.5,sl,-12.0,-26.240000000000002,1,2.24,2026-02-06
2026-02-10 15:52:00,2026-02-10 15:52:00,short,25381.75,25371.75,tp,10.0,17.759999999999998,1,2.24,2026-02-10
2026-02-11 15:53:00,2026-02-11 15:53:00,long,25222.75,25232.75,tp,10.0,17.759999999999998,1,2.24,2026-02-11
2026-02-11 16:32:00,2026-02-11 16:32:00,short,25200.5,25190.5,tp,10.0,17.759999999999998,1,2.24,2026-02-11
2026-02-11 16:43:00,2026-02-11 16:43:00,long,25235.5,25223.5,sl,-12.0,-26.240000000000002,1,2.24,2026-02-11
2026-02-11 16:50:00,2026-02-11 16:51:00,short,25204.0,25194.0,tp,10.0,17.759999999999998,1,2.24,2026-02-11
2026-02-13 15:03:00,2026-02-13 15:03:00,long,24766.0,24776.0,tp,10.0,17.759999999999998,1,2.24,2026-02-13
2026-02-13 15:47:00,2026-02-13 15:47:00,short,24739.0,24729.0,tp,10.0,17.759999999999998,1,2.24,2026-02-13
2026-02-13 16:00:00,2026-02-13 16:00:00,long,24811.0,24821.0,tp,10.0,17.759999999999998,1,2.24,2026-02-13
2026-02-13 16:22:00,2026-02-13 16:23:00,short,24791.75,24781.75,tp,10.0,17.759999999999998,1,2.24,2026-02-13
2026-02-16 15:19:00,2026-02-16 15:21:00,short,24748.0,24738.0,tp,10.0,17.759999999999998,1,2.24,2026-02-16
2026-02-16 16:10:00,2026-02-16 16:10:00,long,24733.0,24743.0,tp,10.0,17.759999999999998,1,2.24,2026-02-16
2026-02-16 16:24:00,2026-02-16 16:24:00,short,24711.0,24701.0,tp,10.0,17.759999999999998,1,2.24,2026-02-16
2026-02-16 16:29:00,2026-02-16 16:30:00,long,24729.25,24739.25,tp,10.0,17.759999999999998,1,2.24,2026-02-16
2026-02-17 15:50:00,2026-02-17 15:50:00,long,24570.5,24558.5,sl,-12.0,-26.240000000000002,1,2.24,2026-02-17
2026-02-18 16:53:00,2026-02-18 16:54:00,short,25079.0,25069.0,tp,10.0,17.759999999999998,1,2.24,2026-02-18
2026-02-19 15:30:00,2026-02-19 15:31:00,short,24858.5,24870.5,sl,-12.0,-26.240000000000002,1,2.24,2026-02-19
2026-02-19 15:53:00,2026-02-19 15:53:00,short,24883.75,24873.75,tp,10.0,17.759999999999998,1,2.24,2026-02-19
2026-02-19 15:59:00,2026-02-19 15:59:00,long,24927.0,24915.0,sl,-12.0,-26.240000000000002,1,2.24,2026-02-19
2026-02-19 16:06:00,2026-02-19 16:06:00,short,24886.0,24876.0,tp,10.0,17.759999999999998,1,2.24,2026-02-19
2026-02-20 16:19:00,2026-02-20 16:19:00,short,25033.5,25045.5,sl,-12.0,-26.240000000000002,1,2.24,2026-02-20
2026-02-20 16:41:00,2026-02-20 16:42:00,long,25075.5,25085.5,tp,10.0,17.759999999999998,1,2.24,2026-02-20
2026-02-23 16:30:00,2026-02-23 16:30:00,long,24778.0,24766.0,sl,-12.0,-26.240000000000002,1,2.24,2026-02-23
2026-02-23 16:57:00,2026-02-23 16:58:00,short,24744.0,24734.0,tp,10.0,17.759999999999998,1,2.24,2026-02-23
2026-02-24 16:32:00,2026-02-24 16:33:00,short,24984.75,24974.75,tp,10.0,17.759999999999998,1,2.24,2026-02-24
2026-02-24 16:51:00,2026-02-24 16:51:00,long,25007.25,25017.25,tp,10.0,17.759999999999998,1,2.24,2026-02-24
2026-02-25 15:40:00,2026-02-25 15:42:00,short,25295.75,25307.75,sl,-12.0,-26.240000000000002,1,2.24,2026-02-25
2026-02-25 16:30:00,2026-02-25 16:31:00,long,25300.5,25310.5,tp,10.0,17.759999999999998,1,2.24,2026-02-25
2026-02-26 15:58:00,2026-02-26 15:59:00,long,25014.0,25002.0,sl,-12.0,-26.240000000000002,1,2.24,2026-02-26
2026-02-26 16:41:00,2026-02-26 16:41:00,short,25018.25,25030.25,sl,-12.0,-26.240000000000002,1,2.24,2026-02-26
2026-02-27 15:56:00,2026-02-27 15:56:00,short,24943.25,24955.25,sl,-12.0,-26.240000000000002,1,2.24,2026-02-27
2026-02-27 16:42:00,2026-02-27 16:42:00,short,24963.25,24953.25,tp,10.0,17.759999999999998,1,2.24,2026-02-27
2026-02-27 16:57:00,2026-02-27 16:58:00,long,24994.5,24982.5,sl,-12.0,-26.240000000000002,1,2.24,2026-02-27
2026-03-02 15:34:00,2026-03-02 15:34:00,short,24851.0,24863.0,sl,-12.0,-26.240000000000002,1,2.24,2026-03-02
2026-03-02 15:39:00,2026-03-02 15:39:00,long,24902.0,24912.0,tp,10.0,17.759999999999998,1,2.24,2026-03-02
2026-03-02 16:26:00,2026-03-02 16:26:00,short,24908.0,24898.0,tp,10.0,17.759999999999998,1,2.24,2026-03-02
2026-03-02 16:40:00,2026-03-02 16:40:00,long,24966.75,24976.75,tp,10.0,17.759999999999998,1,2.24,2026-03-02
2026-03-03 16:03:00,2026-03-03 16:03:00,long,24446.25,24456.25,tp,10.0,17.759999999999998,1,2.24,2026-03-03
2026-03-04 16:17:00,2026-03-04 16:17:00,short,25088.75,25078.75,tp,10.0,17.759999999999998,1,2.24,2026-03-04
2026-03-04 16:29:00,2026-03-04 16:29:00,long,25109.75,25097.75,sl,-12.0,-26.240000000000002,1,2.24,2026-03-04
2026-03-05 15:22:00,2026-03-05 15:22:00,short,25084.75,25074.75,tp,10.0,17.759999999999998,1,2.24,2026-03-05
2026-03-05 15:52:00,2026-03-05 15:52:00,long,25079.5,25089.5,tp,10.0,17.759999999999998,1,2.24,2026-03-05
2026-03-05 16:06:00,2026-03-05 16:06:00,short,25038.75,25028.75,tp,10.0,17.759999999999998,1,2.24,2026-03-05
2026-03-05 16:39:00,2026-03-05 16:39:00,long,25020.25,25030.25,tp,10.0,17.759999999999998,1,2.24,2026-03-05
2026-03-06 15:53:00,2026-03-06 15:53:00,short,24768.5,24780.5,sl,-12.0,-26.240000000000002,1,2.24,2026-03-06
2026-03-06 15:57:00,2026-03-06 15:58:00,long,24876.0,24864.0,sl,-12.0,-26.240000000000002,1,2.24,2026-03-06
2026-03-06 16:22:00,2026-03-06 16:22:00,short,24807.0,24797.0,tp,10.0,17.759999999999998,1,2.24,2026-03-06
2026-03-06 16:38:00,2026-03-06 16:40:00,long,24859.75,24847.75,sl,-12.0,-26.240000000000002,1,2.24,2026-03-06
2026-03-10 15:35:00,2026-03-10 15:35:00,short,25115.25,25127.25,sl,-12.0,-26.240000000000002,1,2.24,2026-03-10
2026-03-10 15:43:00,2026-03-10 15:44:00,long,25164.0,25152.0,sl,-12.0,-26.240000000000002,1,2.24,2026-03-10
2026-03-10 16:02:00,2026-03-10 16:03:00,short,25127.25,25117.25,tp,10.0,17.759999999999998,1,2.24,2026-03-10
2026-03-10 16:26:00,2026-03-10 16:28:00,long,25151.75,25139.75,sl,-12.0,-26.240000000000002,1,2.24,2026-03-10
2026-03-11 15:12:00,2026-03-11 15:12:00,short,25021.5,25011.5,tp,10.0,17.759999999999998,1,2.24,2026-03-11
2026-03-11 16:28:00,2026-03-11 16:30:00,long,24944.25,24954.25,tp,10.0,17.759999999999998,1,2.24,2026-03-11
2026-03-12 15:29:00,2026-03-12 15:29:00,long,24637.25,24625.25,sl,-12.0,-26.240000000000002,1,2.24,2026-03-12
2026-03-12 16:11:00,2026-03-12 16:11:00,short,24624.25,24614.25,tp,10.0,17.759999999999998,1,2.24,2026-03-12
2026-03-12 16:17:00,2026-03-12 16:17:00,long,24689.75,24677.75,sl,-12.0,-26.240000000000002,1,2.24,2026-03-12
2026-03-12 16:31:00,2026-03-12 16:32:00,short,24640.25,24652.25,sl,-12.0,-26.240000000000002,1,2.24,2026-03-12
2026-03-13 16:12:00,2026-03-13 16:13:00,long,24468.25,24456.25,sl,-12.0,-26.240000000000002,1,2.24,2026-03-13
2026-03-13 16:31:00,2026-03-13 16:31:00,long,24460.0,24448.0,sl,-12.0,-26.240000000000002,1,2.24,2026-03-13
2026-03-13 16:46:00,2026-03-13 16:46:00,short,24420.0,24410.0,tp,10.0,17.759999999999998,1,2.24,2026-03-13
2026-03-13 16:54:00,2026-03-13 16:55:00,long,24465.75,24453.75,sl,-12.0,-26.240000000000002,1,2.24,2026-03-13
2026-03-16 15:15:00,2026-03-16 15:15:00,long,24917.25,24905.25,sl,-12.0,-26.240000000000002,1,2.24,2026-03-16
2026-03-16 15:55:00,2026-03-16 15:55:00,short,24921.25,24911.25,tp,10.0,17.759999999999998,1,2.24,2026-03-16
2026-03-16 16:45:00,2026-03-16 16:45:00,long,24896.5,24884.5,sl,-12.0,-26.240000000000002,1,2.24,2026-03-16
2026-03-17 15:06:00,2026-03-17 15:07:00,short,25053.5,25043.5,tp,10.0,17.759999999999998,1,2.24,2026-03-17
2026-03-17 16:20:00,2026-03-17 16:20:00,long,25018.25,25006.25,sl,-12.0,-26.240000000000002,1,2.24,2026-03-17
2026-03-17 17:00:00,2026-03-17 17:00:00,short,24995.5,25005.75,session_close,-10.25,-22.740000000000002,1,2.24,2026-03-17
2026-03-18 15:01:00,2026-03-18 15:01:00,long,24906.5,24894.5,sl,-12.0,-26.240000000000002,1,2.24,2026-03-18
2026-03-18 15:50:00,2026-03-18 15:50:00,short,24882.25,24894.25,sl,-12.0,-26.240000000000002,1,2.24,2026-03-18
2026-03-18 15:55:00,2026-03-18 15:56:00,long,24912.0,24900.0,sl,-12.0,-26.240000000000002,1,2.24,2026-03-18
2026-03-18 16:03:00,2026-03-18 16:10:00,short,24883.0,24873.0,tp,10.0,17.759999999999998,1,2.24,2026-03-18
2026-03-19 15:23:00,2026-03-19 15:24:00,short,24469.0,24459.0,tp,10.0,17.759999999999998,1,2.24,2026-03-19
2026-03-19 16:00:00,2026-03-19 16:00:00,long,24475.0,24463.0,sl,-12.0,-26.240000000000002,1,2.24,2026-03-19
2026-03-19 16:22:00,2026-03-19 16:22:00,short,24465.0,24455.0,tp,10.0,17.759999999999998,1,2.24,2026-03-19
2026-03-19 16:41:00,2026-03-19 16:42:00,long,24492.5,24502.5,tp,10.0,17.759999999999998,1,2.24,2026-03-19
2026-03-20 15:15:00,2026-03-20 15:16:00,long,24305.25,24293.25,sl,-12.0,-26.240000000000002,1,2.24,2026-03-20
2026-03-20 15:20:00,2026-03-20 15:20:00,short,24262.25,24252.25,tp,10.0,17.759999999999998,1,2.24,2026-03-20
2026-03-20 15:24:00,2026-03-20 15:24:00,long,24326.25,24314.25,sl,-12.0,-26.240000000000002,1,2.24,2026-03-20
2026-03-20 15:35:00,2026-03-20 15:35:00,long,24291.75,24279.75,sl,-12.0,-26.240000000000002,1,2.24,2026-03-20
2026-03-23 15:02:00,2026-03-23 15:02:00,long,24646.5,24656.5,tp,10.0,17.759999999999998,1,2.24,2026-03-23
2026-03-23 15:28:00,2026-03-23 15:30:00,short,24605.75,24617.75,sl,-12.0,-26.240000000000002,1,2.24,2026-03-23
2026-03-24 15:58:00,2026-03-24 15:58:00,short,24292.75,24304.75,sl,-12.0,-26.240000000000002,1,2.24,2026-03-24
2026-03-24 16:21:00,2026-03-24 16:21:00,long,24327.5,24315.5,sl,-12.0,-26.240000000000002,1,2.24,2026-03-24
2026-03-24 16:36:00,2026-03-24 16:37:00,short,24280.5,24270.5,tp,10.0,17.759999999999998,1,2.24,2026-03-24
2026-03-25 15:06:00,2026-03-25 15:06:00,short,24471.0,24461.0,tp,10.0,17.759999999999998,1,2.24,2026-03-25
2026-03-25 15:36:00,2026-03-25 15:37:00,long,24421.25,24409.25,sl,-12.0,-26.240000000000002,1,2.24,2026-03-25
2026-03-25 16:25:00,2026-03-25 16:25:00,long,24419.75,24407.75,sl,-12.0,-26.240000000000002,1,2.24,2026-03-25
2026-03-26 15:50:00,2026-03-26 15:50:00,long,24097.5,24107.5,tp,10.0,17.759999999999998,1,2.24,2026-03-26
2026-03-26 16:04:00,2026-03-26 16:07:00,short,24079.0,24091.0,sl,-12.0,-26.240000000000002,1,2.24,2026-03-26
